NAME1,objid1,RA1,DEC1,LOGL1_5007,Z1NAME2,objid2,RA2,DEC2,LOGL2_5007,Z2
J083732.70+284218.7,5.877352400999547e+17,129.38627,28.705196,39.545662,,,348.08923,14.609380999999999,39.711397,0.0162342
J083732.70+284218.7,5.877352400999547e+17,129.38627,28.705196,39.545662,,,348.08923,14.609380999999999,39.711397,0.0162342
J083732.70+284218.7,5.877352400999547e+17,129.38627,28.705196,39.545662,,,348.08923,14.609380999999999,39.711397,0.0162342
J083732.70+284218.7,5.877352400999547e+17,129.38627,28.705196,39.545662,,,348.08923,14.609380999999999,39.711397,0.0162342
J083732.70+284218.7,5.877352400999547e+17,129.38627,28.705196,39.545662,,,348.08923,14.609380999999999,39.711397,0.0162342
J033013.26-053236.1,,52.555265000000006,-5.54335,39.136555,,,16.788159,-0.62170676,39.13275,0.0177396
J033013.26-053236.1,,52.555265000000006,-5.54335,39.136555,,,16.788159,-0.62170676,39.13275,0.0177396
J033013.26-053236.1,,52.555265000000006,-5.54335,39.136555,,,16.788159,-0.62170676,39.13275,0.0177396
J033013.26-053236.1,,52.555265000000006,-5.54335,39.136555,,,16.788159,-0.62170676,39.13275,0.0177396
J033013.26-053236.1,,52.555265000000006,-5.54335,39.136555,,,16.788159,-0.62170676,39.13275,0.0177396
J094529.37+093610.4,5.877349485892731e+17,146.37237,9.602897,40.225188,,,150.55768,11.689017,39.338633,0.0219842
J094529.37+093610.4,5.877349485892731e+17,146.37237,9.602897,40.225188,,,150.55768,11.689017,39.338633,0.0219842
J094529.37+093610.4,5.877349485892731e+17,146.37237,9.602897,40.225188,,,150.55768,11.689017,39.338633,0.0219842
J094529.37+093610.4,5.877349485892731e+17,146.37237,9.602897,40.225188,,,150.55768,11.689017,39.338633,0.0219842
J094529.37+093610.4,5.877349485892731e+17,146.37237,9.602897,40.225188,,,150.55768,11.689017,39.338633,0.0219842
J155252.84+403848.2,5.877333986432124e+17,238.22016000000002,40.646728,39.688551000000004,,,208.30882,0.44727438,39.669944,0.0244875
J155252.84+403848.2,5.877333986432124e+17,238.22016000000002,40.646728,39.688551000000004,,,208.30882,0.44727438,39.669944,0.0244875
J155252.84+403848.2,5.877333986432124e+17,238.22016000000002,40.646728,39.688551000000004,,,208.30882,0.44727438,39.669944,0.0244875
J155252.84+403848.2,5.877333986432124e+17,238.22016000000002,40.646728,39.688551000000004,,,208.30882,0.44727438,39.669944,0.0244875
J155252.84+403848.2,5.877333986432124e+17,238.22016000000002,40.646728,39.688551000000004,,,208.30882,0.44727438,39.669944,0.0244875
J080538.66+261005.5,5.87734622701093e+17,121.4111,26.16819,39.859901,,,350.86267000000004,14.325857000000001,39.870045000000005,0.0256283
J080538.66+261005.5,5.87734622701093e+17,121.4111,26.16819,39.859901,,,350.86267000000004,14.325857000000001,39.870045000000005,0.0256283
J080538.66+261005.5,5.87734622701093e+17,121.4111,26.16819,39.859901,,,350.86267000000004,14.325857000000001,39.870045000000005,0.0256283
J080538.66+261005.5,5.87734622701093e+17,121.4111,26.16819,39.859901,,,350.86267000000004,14.325857000000001,39.870045000000005,0.0256283
J080538.66+261005.5,5.87734622701093e+17,121.4111,26.16819,39.859901,,,350.86267000000004,14.325857000000001,39.870045000000005,0.0256283
J110233.29-001727.6,,165.6387,-0.29101,38.577422999999996,,,152.52578,12.037308,38.563517,0.0182782
J110233.29-001727.6,,165.6387,-0.29101,38.577422999999996,,,152.52578,12.037308,38.563517,0.0182782
J110233.29-001727.6,,165.6387,-0.29101,38.577422999999996,,,152.52578,12.037308,38.563517,0.0182782
J110233.29-001727.6,,165.6387,-0.29101,38.577422999999996,,,152.52578,12.037308,38.563517,0.0182782
J110233.29-001727.6,,165.6387,-0.29101,38.577422999999996,,,152.52578,12.037308,38.563517,0.0182782
J033458.00-054853.3,,53.74168,-5.814796,38.998348,,,172.95252,0.86325195,39.005154,0.0253608
J033458.00-054853.3,,53.74168,-5.814796,38.998348,,,172.95252,0.86325195,39.005154,0.0253608
J033458.00-054853.3,,53.74168,-5.814796,38.998348,,,172.95252,0.86325195,39.005154,0.0253608
J033458.00-054853.3,,53.74168,-5.814796,38.998348,,,172.95252,0.86325195,39.005154,0.0253608
J033458.00-054853.3,,53.74168,-5.814796,38.998348,,,172.95252,0.86325195,39.005154,0.0253608
J011059.31+002601.1,,17.747137,0.433651,39.542947,,,165.90984,-0.86900692,39.607535,0.0286088
J011059.31+002601.1,,17.747137,0.433651,39.542947,,,165.90984,-0.86900692,39.607535,0.0286088
J011059.31+002601.1,,17.747137,0.433651,39.542947,,,165.90984,-0.86900692,39.607535,0.0286088
J011059.31+002601.1,,17.747137,0.433651,39.542947,,,165.90984,-0.86900692,39.607535,0.0286088
J011059.31+002601.1,,17.747137,0.433651,39.542947,,,165.90984,-0.86900692,39.607535,0.0286088
J120114.35-034041.0,,180.3098,-3.678067,40.825358,,,344.75075,13.497688,40.409092,0.0287293
J120114.35-034041.0,,180.3098,-3.678067,40.825358,,,344.75075,13.497688,40.409092,0.0287293
J120114.35-034041.0,,180.3098,-3.678067,40.825358,,,344.75075,13.497688,40.409092,0.0287293
J120114.35-034041.0,,180.3098,-3.678067,40.825358,,,344.75075,13.497688,40.409092,0.0287293
J120114.35-034041.0,,180.3098,-3.678067,40.825358,,,344.75075,13.497688,40.409092,0.0287293
J112536.17+542257.2,,171.40069,54.382555,40.493327,,,4.9472132,0.59079485,40.230199,0.0177407
J112536.17+542257.2,,171.40069,54.382555,40.493327,,,4.9472132,0.59079485,40.230199,0.0177407
J112536.17+542257.2,,171.40069,54.382555,40.493327,,,4.9472132,0.59079485,40.230199,0.0177407
J112536.17+542257.2,,171.40069,54.382555,40.493327,,,4.9472132,0.59079485,40.230199,0.0177407
J112536.17+542257.2,,171.40069,54.382555,40.493327,,,4.9472132,0.59079485,40.230199,0.0177407
J120257.82+045045.1,5.880103590865797e+17,180.7409,4.84585,39.634736,,,259.89506,56.630038,39.629025,0.0273728
J120257.82+045045.1,5.880103590865797e+17,180.7409,4.84585,39.634736,,,259.89506,56.630038,39.629025,0.0273728
J120257.82+045045.1,5.880103590865797e+17,180.7409,4.84585,39.634736,,,259.89506,56.630038,39.629025,0.0273728
J120257.82+045045.1,5.880103590865797e+17,180.7409,4.84585,39.634736,,,259.89506,56.630038,39.629025,0.0273728
J120257.82+045045.1,5.880103590865797e+17,180.7409,4.84585,39.634736,,,259.89506,56.630038,39.629025,0.0273728
J111607.65+412353.2,,169.03189,41.398105,39.571875,,,176.09505,8.3875392,39.568495,0.0199703
J111607.65+412353.2,,169.03189,41.398105,39.571875,,,176.09505,8.3875392,39.568495,0.0199703
J111607.65+412353.2,,169.03189,41.398105,39.571875,,,176.09505,8.3875392,39.568495,0.0199703
J111607.65+412353.2,,169.03189,41.398105,39.571875,,,176.09505,8.3875392,39.568495,0.0199703
J111607.65+412353.2,,169.03189,41.398105,39.571875,,,176.09505,8.3875392,39.568495,0.0199703
J114530.26+094344.8,5.877348927515525e+17,176.37607,9.7291,39.173949,,,201.27236000000002,-0.90310404,39.160458,0.0180788
J114530.26+094344.8,5.877348927515525e+17,176.37607,9.7291,39.173949,,,201.27236000000002,-0.90310404,39.160458,0.0180788
J114530.26+094344.8,5.877348927515525e+17,176.37607,9.7291,39.173949,,,201.27236000000002,-0.90310404,39.160458,0.0180788
J114530.26+094344.8,5.877348927515525e+17,176.37607,9.7291,39.173949,,,201.27236000000002,-0.90310404,39.160458,0.0180788
J114530.26+094344.8,5.877348927515525e+17,176.37607,9.7291,39.173949,,,201.27236000000002,-0.90310404,39.160458,0.0180788
J132428.24+044629.6,,201.11768,4.774889,39.576382,,,133.39002,39.760373,39.5933,0.023416
J132428.24+044629.6,,201.11768,4.774889,39.576382,,,133.39002,39.760373,39.5933,0.023416
J132428.24+044629.6,,201.11768,4.774889,39.576382,,,133.39002,39.760373,39.5933,0.023416
J132428.24+044629.6,,201.11768,4.774889,39.576382,,,133.39002,39.760373,39.5933,0.023416
J132428.24+044629.6,,201.11768,4.774889,39.576382,,,133.39002,39.760373,39.5933,0.023416
J082510.23+375919.8,,126.29263,37.988820000000004,40.416422999999995,,,121.44728,22.909688,40.423747,0.030256
J082510.23+375919.8,,126.29263,37.988820000000004,40.416422999999995,,,121.44728,22.909688,40.423747,0.030256
J082510.23+375919.8,,126.29263,37.988820000000004,40.416422999999995,,,121.44728,22.909688,40.423747,0.030256
J082510.23+375919.8,,126.29263,37.988820000000004,40.416422999999995,,,121.44728,22.909688,40.423747,0.030256
J082510.23+375919.8,,126.29263,37.988820000000004,40.416422999999995,,,121.44728,22.909688,40.423747,0.030256
J093812.26+074340.1,,144.5511,7.727792,40.055331,,,127.22636000000001,34.651656,40.057303999999995,0.0209219
J093812.26+074340.1,,144.5511,7.727792,40.055331,,,127.22636000000001,34.651656,40.057303999999995,0.0209219
J093812.26+074340.1,,144.5511,7.727792,40.055331,,,127.22636000000001,34.651656,40.057303999999995,0.0209219
J093812.26+074340.1,,144.5511,7.727792,40.055331,,,127.22636000000001,34.651656,40.057303999999995,0.0209219
J093812.26+074340.1,,144.5511,7.727792,40.055331,,,127.22636000000001,34.651656,40.057303999999995,0.0209219
J133815.87+043233.3,,204.56613000000002,4.542593,40.967855,,5.877343054135299e+17,330.81665,0.571085,40.524898,0.0301422
J133815.87+043233.3,,204.56613000000002,4.542593,40.967855,,5.877343054135299e+17,330.81665,0.571085,40.524898,0.0301422
J133815.87+043233.3,,204.56613000000002,4.542593,40.967855,,5.877343054135299e+17,330.81665,0.571085,40.524898,0.0301422
J133815.87+043233.3,,204.56613000000002,4.542593,40.967855,,5.877343054135299e+17,330.81665,0.571085,40.524898,0.0301422
J133815.87+043233.3,,204.56613000000002,4.542593,40.967855,,5.877343054135299e+17,330.81665,0.571085,40.524898,0.0301422
J100207.04+030327.7,5.877260338462721e+17,150.52933000000002,3.057686,40.305552,,,56.438184,-7.257463,40.310775,0.0216551
J100207.04+030327.7,5.877260338462721e+17,150.52933000000002,3.057686,40.305552,,,56.438184,-7.257463,40.310775,0.0216551
J100207.04+030327.7,5.877260338462721e+17,150.52933000000002,3.057686,40.305552,,,56.438184,-7.257463,40.310775,0.0216551
J100207.04+030327.7,5.877260338462721e+17,150.52933000000002,3.057686,40.305552,,,56.438184,-7.257463,40.310775,0.0216551
J100207.04+030327.7,5.877260338462721e+17,150.52933000000002,3.057686,40.305552,,,56.438184,-7.257463,40.310775,0.0216551
J121754.98+583935.7,,184.47907,58.659912,40.328483,,,121.44728,22.909688,40.423747,0.030256
J121754.98+583935.7,,184.47907,58.659912,40.328483,,,121.44728,22.909688,40.423747,0.030256
J121754.98+583935.7,,184.47907,58.659912,40.328483,,,121.44728,22.909688,40.423747,0.030256
J121754.98+583935.7,,184.47907,58.659912,40.328483,,,121.44728,22.909688,40.423747,0.030256
J121754.98+583935.7,,184.47907,58.659912,40.328483,,,121.44728,22.909688,40.423747,0.030256
J080740.99+390015.3,,121.92081,39.004246,40.627671,,,206.66998,52.476826,40.705021,0.0292307
J080740.99+390015.3,,121.92081,39.004246,40.627671,,,206.66998,52.476826,40.705021,0.0292307
J080740.99+390015.3,,121.92081,39.004246,40.627671,,,206.66998,52.476826,40.705021,0.0292307
J080740.99+390015.3,,121.92081,39.004246,40.627671,,,206.66998,52.476826,40.705021,0.0292307
J080740.99+390015.3,,121.92081,39.004246,40.627671,,,206.66998,52.476826,40.705021,0.0292307
J122324.14+024044.4,,185.85057,2.679011,40.240788,,,189.51734,48.345096000000005,40.259642,0.0305055
J122324.14+024044.4,,185.85057,2.679011,40.240788,,,189.51734,48.345096000000005,40.259642,0.0305055
J122324.14+024044.4,,185.85057,2.679011,40.240788,,,189.51734,48.345096000000005,40.259642,0.0305055
J122324.14+024044.4,,185.85057,2.679011,40.240788,,,189.51734,48.345096000000005,40.259642,0.0305055
J122324.14+024044.4,,185.85057,2.679011,40.240788,,,189.51734,48.345096000000005,40.259642,0.0305055
J130620.97+531823.2,,196.58738,53.30644399999999,39.094529,,,199.64862,14.046798999999998,39.092706,0.0284924
J130620.97+531823.2,,196.58738,53.30644399999999,39.094529,,,199.64862,14.046798999999998,39.092706,0.0284924
J130620.97+531823.2,,196.58738,53.30644399999999,39.094529,,,199.64862,14.046798999999998,39.092706,0.0284924
J130620.97+531823.2,,196.58738,53.30644399999999,39.094529,,,199.64862,14.046798999999998,39.092706,0.0284924
J130620.97+531823.2,,196.58738,53.30644399999999,39.094529,,,199.64862,14.046798999999998,39.092706,0.0284924
J134632.13+642325.2,,206.63388999999998,64.390328,40.749889,,,162.13996,47.987413000000004,40.712278999999995,0.0332144
J134632.13+642325.2,,206.63388999999998,64.390328,40.749889,,,162.13996,47.987413000000004,40.712278999999995,0.0332144
J134632.13+642325.2,,206.63388999999998,64.390328,40.749889,,,162.13996,47.987413000000004,40.712278999999995,0.0332144
J134632.13+642325.2,,206.63388999999998,64.390328,40.749889,,,162.13996,47.987413000000004,40.712278999999995,0.0332144
J134632.13+642325.2,,206.63388999999998,64.390328,40.749889,,,162.13996,47.987413000000004,40.712278999999995,0.0332144
J115341.78+461242.3,5.880171096836014e+17,178.42407,46.211737,40.171594,,,144.82191,36.562197,40.171979,0.0197165
J115341.78+461242.3,5.880171096836014e+17,178.42407,46.211737,40.171594,,,144.82191,36.562197,40.171979,0.0197165
J115341.78+461242.3,5.880171096836014e+17,178.42407,46.211737,40.171594,,,144.82191,36.562197,40.171979,0.0197165
J115341.78+461242.3,5.880171096836014e+17,178.42407,46.211737,40.171594,,,144.82191,36.562197,40.171979,0.0197165
J115341.78+461242.3,5.880171096836014e+17,178.42407,46.211737,40.171594,,,144.82191,36.562197,40.171979,0.0197165
J140040.57-015518.3,,210.16903,-1.921744,41.032434,,,126.18036000000001,29.989878000000004,41.1078,0.0253248
J140040.57-015518.3,,210.16903,-1.921744,41.032434,,,126.18036000000001,29.989878000000004,41.1078,0.0253248
J140040.57-015518.3,,210.16903,-1.921744,41.032434,,,126.18036000000001,29.989878000000004,41.1078,0.0253248
J140040.57-015518.3,,210.16903,-1.921744,41.032434,,,126.18036000000001,29.989878000000004,41.1078,0.0253248
J140040.57-015518.3,,210.16903,-1.921744,41.032434,,,126.18036000000001,29.989878000000004,41.1078,0.0253248
J092438.89+560747.0,,141.16204,56.12971999999999,40.04399,,,212.6118,-0.8323797,40.014860999999996,0.0255217
J092438.89+560747.0,,141.16204,56.12971999999999,40.04399,,,212.6118,-0.8323797,40.014860999999996,0.0255217
J092438.89+560747.0,,141.16204,56.12971999999999,40.04399,,,212.6118,-0.8323797,40.014860999999996,0.0255217
J092438.89+560747.0,,141.16204,56.12971999999999,40.04399,,,212.6118,-0.8323797,40.014860999999996,0.0255217
J092438.89+560747.0,,141.16204,56.12971999999999,40.04399,,,212.6118,-0.8323797,40.014860999999996,0.0255217
J164721.48+444209.8,,251.83947999999998,44.702717,39.155291,,,158.68216,11.052976,39.159077,0.0221874
J164721.48+444209.8,,251.83947999999998,44.702717,39.155291,,,158.68216,11.052976,39.159077,0.0221874
J164721.48+444209.8,,251.83947999999998,44.702717,39.155291,,,158.68216,11.052976,39.159077,0.0221874
J164721.48+444209.8,,251.83947999999998,44.702717,39.155291,,,158.68216,11.052976,39.159077,0.0221874
J164721.48+444209.8,,251.83947999999998,44.702717,39.155291,,,158.68216,11.052976,39.159077,0.0221874
J112637.74+513423.0,5.877321353827451e+17,171.65725,51.573064,39.802217,,,179.26895,43.8271,39.785527,0.0252319
J112637.74+513423.0,5.877321353827451e+17,171.65725,51.573064,39.802217,,,179.26895,43.8271,39.785527,0.0252319
J112637.74+513423.0,5.877321353827451e+17,171.65725,51.573064,39.802217,,,179.26895,43.8271,39.785527,0.0252319
J112637.74+513423.0,5.877321353827451e+17,171.65725,51.573064,39.802217,,,179.26895,43.8271,39.785527,0.0252319
J112637.74+513423.0,5.877321353827451e+17,171.65725,51.573064,39.802217,,,179.26895,43.8271,39.785527,0.0252319
J080020.99+263648.7,5.877321568527974e+17,120.08743999999999,26.613535,40.883203,,,121.77993000000001,36.233472,40.755314,0.0322888
J080020.99+263648.7,5.877321568527974e+17,120.08743999999999,26.613535,40.883203,,,121.77993000000001,36.233472,40.755314,0.0322888
J080020.99+263648.7,5.877321568527974e+17,120.08743999999999,26.613535,40.883203,,,121.77993000000001,36.233472,40.755314,0.0322888
J080020.99+263648.7,5.877321568527974e+17,120.08743999999999,26.613535,40.883203,,,121.77993000000001,36.233472,40.755314,0.0322888
J080020.99+263648.7,5.877321568527974e+17,120.08743999999999,26.613535,40.883203,,,121.77993000000001,36.233472,40.755314,0.0322888
J133248.70+415218.6,,203.20292,41.871832,39.752814,,5.880177029378867e+17,197.27333000000002,11.634127000000001,39.745849,0.0251973
J133248.70+415218.6,,203.20292,41.871832,39.752814,,5.880177029378867e+17,197.27333000000002,11.634127000000001,39.745849,0.0251973
J133248.70+415218.6,,203.20292,41.871832,39.752814,,5.880177029378867e+17,197.27333000000002,11.634127000000001,39.745849,0.0251973
J133248.70+415218.6,,203.20292,41.871832,39.752814,,5.880177029378867e+17,197.27333000000002,11.634127000000001,39.745849,0.0251973
J133248.70+415218.6,,203.20292,41.871832,39.752814,,5.880177029378867e+17,197.27333000000002,11.634127000000001,39.745849,0.0251973
J114343.76+550019.3,,175.93235,55.005366,39.592878999999996,,,19.771425,0.62916836,39.625535,0.0326528
J114343.76+550019.3,,175.93235,55.005366,39.592878999999996,,,19.771425,0.62916836,39.625535,0.0326528
J114343.76+550019.3,,175.93235,55.005366,39.592878999999996,,,19.771425,0.62916836,39.625535,0.0326528
J114343.76+550019.3,,175.93235,55.005366,39.592878999999996,,,19.771425,0.62916836,39.625535,0.0326528
J004042.10-110957.6,,10.175425,-11.166005,38.970053,,,46.633328999999996,-6.422552,38.911187,0.028027
J004042.10-110957.6,,10.175425,-11.166005,38.970053,,,46.633328999999996,-6.422552,38.911187,0.028027
J004042.10-110957.6,,10.175425,-11.166005,38.970053,,,46.633328999999996,-6.422552,38.911187,0.028027
J004042.10-110957.6,,10.175425,-11.166005,38.970053,,,46.633328999999996,-6.422552,38.911187,0.028027
J004042.10-110957.6,,10.175425,-11.166005,38.970053,,,46.633328999999996,-6.422552,38.911187,0.028027
J140718.29+125314.0,,211.82619,12.887215,39.52268,,,234.66042000000002,36.958355,39.525546000000006,0.0186078
J140718.29+125314.0,,211.82619,12.887215,39.52268,,,234.66042000000002,36.958355,39.525546000000006,0.0186078
J140718.29+125314.0,,211.82619,12.887215,39.52268,,,234.66042000000002,36.958355,39.525546000000006,0.0186078
J140718.29+125314.0,,211.82619,12.887215,39.52268,,,234.66042000000002,36.958355,39.525546000000006,0.0186078
J140718.29+125314.0,,211.82619,12.887215,39.52268,,,234.66042000000002,36.958355,39.525546000000006,0.0186078
J111857.69+580323.6,,169.74036999999998,58.056554000000006,40.348856,,,165.86167,66.66972,40.354127000000005,0.0333292
J111857.69+580323.6,,169.74036999999998,58.056554000000006,40.348856,,,165.86167,66.66972,40.354127000000005,0.0333292
J111857.69+580323.6,,169.74036999999998,58.056554000000006,40.348856,,,165.86167,66.66972,40.354127000000005,0.0333292
J111857.69+580323.6,,169.74036999999998,58.056554000000006,40.348856,,,165.86167,66.66972,40.354127000000005,0.0333292
J111857.69+580323.6,,169.74036999999998,58.056554000000006,40.348856,,,165.86167,66.66972,40.354127000000005,0.0333292
J162012.76+400906.2,,245.05315,40.151720000000005,40.037867,,,217.92991,-2.2135634,40.086436,0.0295117
J162012.76+400906.2,,245.05315,40.151720000000005,40.037867,,,217.92991,-2.2135634,40.086436,0.0295117
J162012.76+400906.2,,245.05315,40.151720000000005,40.037867,,,217.92991,-2.2135634,40.086436,0.0295117
J162012.76+400906.2,,245.05315,40.151720000000005,40.037867,,,217.92991,-2.2135634,40.086436,0.0295117
J162012.76+400906.2,,245.05315,40.151720000000005,40.037867,,,217.92991,-2.2135634,40.086436,0.0295117
J114107.56-024910.9,,175.28149,-2.819687,39.525960999999995,,,127.73963,42.208402,39.50517,0.0351916
J114107.56-024910.9,,175.28149,-2.819687,39.525960999999995,,,127.73963,42.208402,39.50517,0.0351916
J114107.56-024910.9,,175.28149,-2.819687,39.525960999999995,,,127.73963,42.208402,39.50517,0.0351916
J114107.56-024910.9,,175.28149,-2.819687,39.525960999999995,,,127.73963,42.208402,39.50517,0.0351916
J114107.56-024910.9,,175.28149,-2.819687,39.525960999999995,,,127.73963,42.208402,39.50517,0.0351916
J173809.30+584253.7,5.877255914582836e+17,264.53876,58.714904000000004,39.606701,,,170.58813,46.43051,39.609445,0.0323178
J173809.30+584253.7,5.877255914582836e+17,264.53876,58.714904000000004,39.606701,,,170.58813,46.43051,39.609445,0.0323178
J173809.30+584253.7,5.877255914582836e+17,264.53876,58.714904000000004,39.606701,,,170.58813,46.43051,39.609445,0.0323178
J173809.30+584253.7,5.877255914582836e+17,264.53876,58.714904000000004,39.606701,,,170.58813,46.43051,39.609445,0.0323178
J173809.30+584253.7,5.877255914582836e+17,264.53876,58.714904000000004,39.606701,,,170.58813,46.43051,39.609445,0.0323178
J111349.74+093510.7,5.877348927481446e+17,168.45725,9.586292,40.683095,,5.877311867448852e+17,9.399220399999999,0.28068526,40.693418,0.0349309
J111349.74+093510.7,5.877348927481446e+17,168.45725,9.586292,40.683095,,5.877311867448852e+17,9.399220399999999,0.28068526,40.693418,0.0349309
J111349.74+093510.7,5.877348927481446e+17,168.45725,9.586292,40.683095,,5.877311867448852e+17,9.399220399999999,0.28068526,40.693418,0.0349309
J111349.74+093510.7,5.877348927481446e+17,168.45725,9.586292,40.683095,,5.877311867448852e+17,9.399220399999999,0.28068526,40.693418,0.0349309
J111349.74+093510.7,5.877348927481446e+17,168.45725,9.586292,40.683095,,5.877311867448852e+17,9.399220399999999,0.28068526,40.693418,0.0349309
J142704.55+355409.6,5.877369419823843e+17,216.76896000000002,35.902656,39.874992,,5.877368984976099e+17,234.78701,32.407063,39.875144,0.0313468
J142704.55+355409.6,5.877369419823843e+17,216.76896000000002,35.902656,39.874992,,5.877368984976099e+17,234.78701,32.407063,39.875144,0.0313468
J142704.55+355409.6,5.877369419823843e+17,216.76896000000002,35.902656,39.874992,,5.877368984976099e+17,234.78701,32.407063,39.875144,0.0313468
J142704.55+355409.6,5.877369419823843e+17,216.76896000000002,35.902656,39.874992,,5.877368984976099e+17,234.78701,32.407063,39.875144,0.0313468
J142704.55+355409.6,5.877369419823843e+17,216.76896000000002,35.902656,39.874992,,5.877368984976099e+17,234.78701,32.407063,39.875144,0.0313468
J130615.17+585733.2,,196.5632,58.959224,39.770385,,,125.72433999999998,5.9376445,39.679794,0.0306668
J130615.17+585733.2,,196.5632,58.959224,39.770385,,,125.72433999999998,5.9376445,39.679794,0.0306668
J130615.17+585733.2,,196.5632,58.959224,39.770385,,,125.72433999999998,5.9376445,39.679794,0.0306668
J130615.17+585733.2,,196.5632,58.959224,39.770385,,,125.72433999999998,5.9376445,39.679794,0.0306668
J130615.17+585733.2,,196.5632,58.959224,39.770385,,,125.72433999999998,5.9376445,39.679794,0.0306668
J112408.65-010927.9,,171.03603,-1.1577620000000002,40.872813,,,120.99667,23.755681,41.012553000000004,0.0293969
J112408.65-010927.9,,171.03603,-1.1577620000000002,40.872813,,,120.99667,23.755681,41.012553000000004,0.0293969
J112408.65-010927.9,,171.03603,-1.1577620000000002,40.872813,,,120.99667,23.755681,41.012553000000004,0.0293969
J112408.65-010927.9,,171.03603,-1.1577620000000002,40.872813,,,120.99667,23.755681,41.012553000000004,0.0293969
J112408.65-010927.9,,171.03603,-1.1577620000000002,40.872813,,,120.99667,23.755681,41.012553000000004,0.0293969
J131305.81+012755.9,,198.2742,1.465541,39.935022,,5.877368984976099e+17,234.78701,32.407063,39.875144,0.0313468
J131305.81+012755.9,,198.2742,1.465541,39.935022,,5.877368984976099e+17,234.78701,32.407063,39.875144,0.0313468
J131305.81+012755.9,,198.2742,1.465541,39.935022,,5.877368984976099e+17,234.78701,32.407063,39.875144,0.0313468
J131305.81+012755.9,,198.2742,1.465541,39.935022,,5.877368984976099e+17,234.78701,32.407063,39.875144,0.0313468
J131305.81+012755.9,,198.2742,1.465541,39.935022,,5.877368984976099e+17,234.78701,32.407063,39.875144,0.0313468
J083803.67+540642.2,,129.51531,54.111729000000004,38.968070000000004,,,131.78218999999999,4.8576828,38.949020000000004,0.0315033
J083803.67+540642.2,,129.51531,54.111729000000004,38.968070000000004,,,131.78218999999999,4.8576828,38.949020000000004,0.0315033
J083803.67+540642.2,,129.51531,54.111729000000004,38.968070000000004,,,131.78218999999999,4.8576828,38.949020000000004,0.0315033
J083803.67+540642.2,,129.51531,54.111729000000004,38.968070000000004,,,131.78218999999999,4.8576828,38.949020000000004,0.0315033
J083803.67+540642.2,,129.51531,54.111729000000004,38.968070000000004,,,131.78218999999999,4.8576828,38.949020000000004,0.0315033
J231815.67+001540.2,,349.56529,0.261179,40.017390999999996,,,163.94496,44.049663,40.049524,0.0371108
J231815.67+001540.2,,349.56529,0.261179,40.017390999999996,,,163.94496,44.049663,40.049524,0.0371108
J231815.67+001540.2,,349.56529,0.261179,40.017390999999996,,,163.94496,44.049663,40.049524,0.0371108
J231815.67+001540.2,,349.56529,0.261179,40.017390999999996,,,163.94496,44.049663,40.049524,0.0371108
J231815.67+001540.2,,349.56529,0.261179,40.017390999999996,,,163.94496,44.049663,40.049524,0.0371108
J144331.27+492335.2,,220.88029,49.393125,39.368887,,,204.72255,0.75538844,39.369240000000005,0.0396392
J144331.27+492335.2,,220.88029,49.393125,39.368887,,,204.72255,0.75538844,39.369240000000005,0.0396392
J144331.27+492335.2,,220.88029,49.393125,39.368887,,,204.72255,0.75538844,39.369240000000005,0.0396392
J144331.27+492335.2,,220.88029,49.393125,39.368887,,,204.72255,0.75538844,39.369240000000005,0.0396392
J144331.27+492335.2,,220.88029,49.393125,39.368887,,,204.72255,0.75538844,39.369240000000005,0.0396392
J153552.40+575409.5,,233.96835,57.902639,41.493527,,,149.81151,12.987914,41.360965,0.0343523
J153552.40+575409.5,,233.96835,57.902639,41.493527,,,149.81151,12.987914,41.360965,0.0343523
J153552.40+575409.5,,233.96835,57.902639,41.493527,,,149.81151,12.987914,41.360965,0.0343523
J153552.40+575409.5,,233.96835,57.902639,41.493527,,,149.81151,12.987914,41.360965,0.0343523
J153552.40+575409.5,,233.96835,57.902639,41.493527,,,149.81151,12.987914,41.360965,0.0343523
J123651.18+453904.2,5.88017605759402e+17,189.21325,45.651162,40.586452,,5.877246481849385e+17,183.71352,-3.4895004000000003,40.624677,0.0335214
J123651.18+453904.2,5.88017605759402e+17,189.21325,45.651162,40.586452,,5.877246481849385e+17,183.71352,-3.4895004000000003,40.624677,0.0335214
J123651.18+453904.2,5.88017605759402e+17,189.21325,45.651162,40.586452,,5.877246481849385e+17,183.71352,-3.4895004000000003,40.624677,0.0335214
J123651.18+453904.2,5.88017605759402e+17,189.21325,45.651162,40.586452,,5.877246481849385e+17,183.71352,-3.4895004000000003,40.624677,0.0335214
J123651.18+453904.2,5.88017605759402e+17,189.21325,45.651162,40.586452,,5.877246481849385e+17,183.71352,-3.4895004000000003,40.624677,0.0335214
J155909.63+350147.5,5.877367830689875e+17,239.79012000000003,35.029857,40.563345,,5.877246481849385e+17,183.71352,-3.4895004000000003,40.624677,0.0335214
J155909.63+350147.5,5.877367830689875e+17,239.79012000000003,35.029857,40.563345,,5.877246481849385e+17,183.71352,-3.4895004000000003,40.624677,0.0335214
J155909.63+350147.5,5.877367830689875e+17,239.79012000000003,35.029857,40.563345,,5.877246481849385e+17,183.71352,-3.4895004000000003,40.624677,0.0335214
J155909.63+350147.5,5.877367830689875e+17,239.79012000000003,35.029857,40.563345,,5.877246481849385e+17,183.71352,-3.4895004000000003,40.624677,0.0335214
J155909.63+350147.5,5.877367830689875e+17,239.79012000000003,35.029857,40.563345,,5.877246481849385e+17,183.71352,-3.4895004000000003,40.624677,0.0335214
J074507.25+460420.7,,116.28022,46.07242,39.751846,,5.880177029378867e+17,197.27333000000002,11.634127000000001,39.745849,0.0251973
J074507.25+460420.7,,116.28022,46.07242,39.751846,,5.880177029378867e+17,197.27333000000002,11.634127000000001,39.745849,0.0251973
J074507.25+460420.7,,116.28022,46.07242,39.751846,,5.880177029378867e+17,197.27333000000002,11.634127000000001,39.745849,0.0251973
J074507.25+460420.7,,116.28022,46.07242,39.751846,,5.880177029378867e+17,197.27333000000002,11.634127000000001,39.745849,0.0251973
J074507.25+460420.7,,116.28022,46.07242,39.751846,,5.880177029378867e+17,197.27333000000002,11.634127000000001,39.745849,0.0251973
J110016.03+461615.2,,165.0668,46.270893,40.475260999999996,,,150.03499,0.9847942,40.470215,0.0318648
J110016.03+461615.2,,165.0668,46.270893,40.475260999999996,,,150.03499,0.9847942,40.470215,0.0318648
J110016.03+461615.2,,165.0668,46.270893,40.475260999999996,,,150.03499,0.9847942,40.470215,0.0318648
J110016.03+461615.2,,165.0668,46.270893,40.475260999999996,,,150.03499,0.9847942,40.470215,0.0318648
J110016.03+461615.2,,165.0668,46.270893,40.475260999999996,,,150.03499,0.9847942,40.470215,0.0318648
J230920.26+004523.5,5.877311872721224e+17,347.33443,0.756515,40.189198,,,218.32699,34.734557,40.145210999999996,0.0343207
J230920.26+004523.5,5.877311872721224e+17,347.33443,0.756515,40.189198,,,218.32699,34.734557,40.145210999999996,0.0343207
J230920.26+004523.5,5.877311872721224e+17,347.33443,0.756515,40.189198,,,218.32699,34.734557,40.145210999999996,0.0343207
J230920.26+004523.5,5.877311872721224e+17,347.33443,0.756515,40.189198,,,218.32699,34.734557,40.145210999999996,0.0343207
J230920.26+004523.5,5.877311872721224e+17,347.33443,0.756515,40.189198,,,218.32699,34.734557,40.145210999999996,0.0343207
J161927.81+395832.3,,244.86587999999998,39.975635,39.202251000000004,,5.877289324172413e+17,135.38003999999998,49.325394,39.200227000000005,0.0273717
J161927.81+395832.3,,244.86587999999998,39.975635,39.202251000000004,,5.877289324172413e+17,135.38003999999998,49.325394,39.200227000000005,0.0273717
J161927.81+395832.3,,244.86587999999998,39.975635,39.202251000000004,,5.877289324172413e+17,135.38003999999998,49.325394,39.200227000000005,0.0273717
J161927.81+395832.3,,244.86587999999998,39.975635,39.202251000000004,,5.877289324172413e+17,135.38003999999998,49.325394,39.200227000000005,0.0273717
J161927.81+395832.3,,244.86587999999998,39.975635,39.202251000000004,,5.877289324172413e+17,135.38003999999998,49.325394,39.200227000000005,0.0273717
J154744.15+412408.3,,236.93393999999998,41.4023,40.948244,,,166.5891,50.387999,40.815672,0.0398639
J154744.15+412408.3,,236.93393999999998,41.4023,40.948244,,,166.5891,50.387999,40.815672,0.0398639
J154744.15+412408.3,,236.93393999999998,41.4023,40.948244,,,166.5891,50.387999,40.815672,0.0398639
J154744.15+412408.3,,236.93393999999998,41.4023,40.948244,,,166.5891,50.387999,40.815672,0.0398639
J154744.15+412408.3,,236.93393999999998,41.4023,40.948244,,,166.5891,50.387999,40.815672,0.0398639
J134952.84+020445.1,,207.47018,2.079195,41.294714,,,149.81151,12.987914,41.360965,0.0343523
J134952.84+020445.1,,207.47018,2.079195,41.294714,,,149.81151,12.987914,41.360965,0.0343523
J134952.84+020445.1,,207.47018,2.079195,41.294714,,,149.81151,12.987914,41.360965,0.0343523
J134952.84+020445.1,,207.47018,2.079195,41.294714,,,149.81151,12.987914,41.360965,0.0343523
J134952.84+020445.1,,207.47018,2.079195,41.294714,,,149.81151,12.987914,41.360965,0.0343523
J164045.62+431656.8,,250.19009,43.282449,39.692964,,,123.89622,26.695424,39.71609,0.0403061
J164045.62+431656.8,,250.19009,43.282449,39.692964,,,123.89622,26.695424,39.71609,0.0403061
J164045.62+431656.8,,250.19009,43.282449,39.692964,,,123.89622,26.695424,39.71609,0.0403061
J164045.62+431656.8,,250.19009,43.282449,39.692964,,,123.89622,26.695424,39.71609,0.0403061
J164045.62+431656.8,,250.19009,43.282449,39.692964,,,123.89622,26.695424,39.71609,0.0403061
J112628.73+472453.8,,171.61972,47.414958,40.067702000000004,,,10.562467,-10.737473,40.022752000000004,0.0359102
J112628.73+472453.8,,171.61972,47.414958,40.067702000000004,,,10.562467,-10.737473,40.022752000000004,0.0359102
J112628.73+472453.8,,171.61972,47.414958,40.067702000000004,,,10.562467,-10.737473,40.022752000000004,0.0359102
J112628.73+472453.8,,171.61972,47.414958,40.067702000000004,,,10.562467,-10.737473,40.022752000000004,0.0359102
J112628.73+472453.8,,171.61972,47.414958,40.067702000000004,,,10.562467,-10.737473,40.022752000000004,0.0359102
J075525.29+391109.9,5.877286704147334e+17,118.85538999999999,39.186094,40.732576,,,169.93315,7.5913954,40.528859999999995,0.0392893
J075525.29+391109.9,5.877286704147334e+17,118.85538999999999,39.186094,40.732576,,,169.93315,7.5913954,40.528859999999995,0.0392893
J075525.29+391109.9,5.877286704147334e+17,118.85538999999999,39.186094,40.732576,,,169.93315,7.5913954,40.528859999999995,0.0392893
J075525.29+391109.9,5.877286704147334e+17,118.85538999999999,39.186094,40.732576,,,169.93315,7.5913954,40.528859999999995,0.0392893
J075525.29+391109.9,5.877286704147334e+17,118.85538999999999,39.186094,40.732576,,,169.93315,7.5913954,40.528859999999995,0.0392893
J162345.89+410456.4,,245.94118999999998,41.082333,41.292815000000004,,5.880171118288568e+17,170.75547,47.052417999999996,40.829626,0.0255233
J162345.89+410456.4,,245.94118999999998,41.082333,41.292815000000004,,5.880171118288568e+17,170.75547,47.052417999999996,40.829626,0.0255233
J162345.89+410456.4,,245.94118999999998,41.082333,41.292815000000004,,5.880171118288568e+17,170.75547,47.052417999999996,40.829626,0.0255233
J162345.89+410456.4,,245.94118999999998,41.082333,41.292815000000004,,5.880171118288568e+17,170.75547,47.052417999999996,40.829626,0.0255233
J162345.89+410456.4,,245.94118999999998,41.082333,41.292815000000004,,5.880171118288568e+17,170.75547,47.052417999999996,40.829626,0.0255233
J110501.98+594103.6,,166.25823,59.684343000000005,40.649165,,,169.93315,7.5913954,40.528859999999995,0.0392893
J110501.98+594103.6,,166.25823,59.684343000000005,40.649165,,,169.93315,7.5913954,40.528859999999995,0.0392893
J110501.98+594103.6,,166.25823,59.684343000000005,40.649165,,,169.93315,7.5913954,40.528859999999995,0.0392893
J110501.98+594103.6,,166.25823,59.684343000000005,40.649165,,,169.93315,7.5913954,40.528859999999995,0.0392893
J110501.98+594103.6,,166.25823,59.684343000000005,40.649165,,,169.93315,7.5913954,40.528859999999995,0.0392893
J011448.68-002946.1,,18.702821,-0.496134,40.290904,,,119.97287,23.390062,40.298635,0.0291703
J011448.68-002946.1,,18.702821,-0.496134,40.290904,,,119.97287,23.390062,40.298635,0.0291703
J011448.68-002946.1,,18.702821,-0.496134,40.290904,,,119.97287,23.390062,40.298635,0.0291703
J011448.68-002946.1,,18.702821,-0.496134,40.290904,,,119.97287,23.390062,40.298635,0.0291703
J011448.68-002946.1,,18.702821,-0.496134,40.290904,,,119.97287,23.390062,40.298635,0.0291703
J164107.64+224924.8,,250.28182999999999,22.823567999999998,40.622034,,,250.28182999999999,22.823567999999998,40.638826,0.0338842
J164107.64+224924.8,,250.28182999999999,22.823567999999998,40.622034,,,250.28182999999999,22.823567999999998,40.638826,0.0338842
J164107.64+224924.8,,250.28182999999999,22.823567999999998,40.622034,,,250.28182999999999,22.823567999999998,40.638826,0.0338842
J164107.64+224924.8,,250.28182999999999,22.823567999999998,40.622034,,,250.28182999999999,22.823567999999998,40.638826,0.0338842
J164107.64+224924.8,,250.28182999999999,22.823567999999998,40.622034,,,250.28182999999999,22.823567999999998,40.638826,0.0338842
J112255.74+523825.3,,170.73223000000002,52.640361,40.142823,,,250.36815,38.268997,40.14444,0.0387255
J112255.74+523825.3,,170.73223000000002,52.640361,40.142823,,,250.36815,38.268997,40.14444,0.0387255
J112255.74+523825.3,,170.73223000000002,52.640361,40.142823,,,250.36815,38.268997,40.14444,0.0387255
J112255.74+523825.3,,170.73223000000002,52.640361,40.142823,,,250.36815,38.268997,40.14444,0.0387255
J112255.74+523825.3,,170.73223000000002,52.640361,40.142823,,,250.36815,38.268997,40.14444,0.0387255
J161809.38+361957.8,,244.53907,36.332728,40.224816,,,38.294963,-7.8037217000000005,40.195626000000004,0.030938
J161809.38+361957.8,,244.53907,36.332728,40.224816,,,38.294963,-7.8037217000000005,40.195626000000004,0.030938
J161809.38+361957.8,,244.53907,36.332728,40.224816,,,38.294963,-7.8037217000000005,40.195626000000004,0.030938
J161809.38+361957.8,,244.53907,36.332728,40.224816,,,38.294963,-7.8037217000000005,40.195626000000004,0.030938
J161809.38+361957.8,,244.53907,36.332728,40.224816,,,38.294963,-7.8037217000000005,40.195626000000004,0.030938
J162636.40+350242.1,,246.65167000000002,35.045019,39.575733,,,173.03849,-0.94261696,39.575932,0.026154
J162636.40+350242.1,,246.65167000000002,35.045019,39.575733,,,173.03849,-0.94261696,39.575932,0.026154
J162636.40+350242.1,,246.65167000000002,35.045019,39.575733,,,173.03849,-0.94261696,39.575932,0.026154
J162636.40+350242.1,,246.65167000000002,35.045019,39.575733,,,173.03849,-0.94261696,39.575932,0.026154
J162636.40+350242.1,,246.65167000000002,35.045019,39.575733,,,173.03849,-0.94261696,39.575932,0.026154
J140018.43+050242.2,,210.07677999999999,5.045069,41.520666999999996,,5.877378084911188e+17,113.95346,40.3273,41.027114000000005,0.0421262
J140018.43+050242.2,,210.07677999999999,5.045069,41.520666999999996,,5.877378084911188e+17,113.95346,40.3273,41.027114000000005,0.0421262
J140018.43+050242.2,,210.07677999999999,5.045069,41.520666999999996,,5.877378084911188e+17,113.95346,40.3273,41.027114000000005,0.0421262
J140018.43+050242.2,,210.07677999999999,5.045069,41.520666999999996,,5.877378084911188e+17,113.95346,40.3273,41.027114000000005,0.0421262
J140018.43+050242.2,,210.07677999999999,5.045069,41.520666999999996,,5.877378084911188e+17,113.95346,40.3273,41.027114000000005,0.0421262
J120704.75+090647.9,,181.76979,9.113311,39.736533,,,120.82585,31.776365999999996,39.744494,0.0363939
J120704.75+090647.9,,181.76979,9.113311,39.736533,,,120.82585,31.776365999999996,39.744494,0.0363939
J120704.75+090647.9,,181.76979,9.113311,39.736533,,,120.82585,31.776365999999996,39.744494,0.0363939
J120704.75+090647.9,,181.76979,9.113311,39.736533,,,120.82585,31.776365999999996,39.744494,0.0363939
J120704.75+090647.9,,181.76979,9.113311,39.736533,,,120.82585,31.776365999999996,39.744494,0.0363939
J215512.42+005906.5,,328.80177000000003,0.985141,39.621517,,,232.70314,-1.5995341,39.617707,0.0373864
J215512.42+005906.5,,328.80177000000003,0.985141,39.621517,,,232.70314,-1.5995341,39.617707,0.0373864
J215512.42+005906.5,,328.80177000000003,0.985141,39.621517,,,232.70314,-1.5995341,39.617707,0.0373864
J215512.42+005906.5,,328.80177000000003,0.985141,39.621517,,,232.70314,-1.5995341,39.617707,0.0373864
J215512.42+005906.5,,328.80177000000003,0.985141,39.621517,,,232.70314,-1.5995341,39.617707,0.0373864
J165124.40+243121.4,,252.85166,24.522616,39.645833,,,162.83691000000002,1.3854211,39.647662,0.0394803
J165124.40+243121.4,,252.85166,24.522616,39.645833,,,162.83691000000002,1.3854211,39.647662,0.0394803
J165124.40+243121.4,,252.85166,24.522616,39.645833,,,162.83691000000002,1.3854211,39.647662,0.0394803
J165124.40+243121.4,,252.85166,24.522616,39.645833,,,162.83691000000002,1.3854211,39.647662,0.0394803
J165124.40+243121.4,,252.85166,24.522616,39.645833,,,162.83691000000002,1.3854211,39.647662,0.0394803
J092512.85+521710.3,,141.30355,52.286206,41.607933,,,225.35971,2.0696736000000002,40.903661,0.0424461
J092512.85+521710.3,,141.30355,52.286206,41.607933,,,225.35971,2.0696736000000002,40.903661,0.0424461
J092512.85+521710.3,,141.30355,52.286206,41.607933,,,225.35971,2.0696736000000002,40.903661,0.0424461
J092512.85+521710.3,,141.30355,52.286206,41.607933,,,225.35971,2.0696736000000002,40.903661,0.0424461
J092512.85+521710.3,,141.30355,52.286206,41.607933,,,225.35971,2.0696736000000002,40.903661,0.0424461
J095955.85+130237.8,,149.98271,13.043827,40.582947999999995,,,162.2205,48.054107,40.700563,0.040949
J095955.85+130237.8,,149.98271,13.043827,40.582947999999995,,,162.2205,48.054107,40.700563,0.040949
J095955.85+130237.8,,149.98271,13.043827,40.582947999999995,,,162.2205,48.054107,40.700563,0.040949
J095955.85+130237.8,,149.98271,13.043827,40.582947999999995,,,162.2205,48.054107,40.700563,0.040949
J095955.85+130237.8,,149.98271,13.043827,40.582947999999995,,,162.2205,48.054107,40.700563,0.040949
J140941.70+372905.0,,212.42373999999998,37.484734,39.619009999999996,,,151.26858000000001,3.626364,39.603415999999996,0.0287587
J140941.70+372905.0,,212.42373999999998,37.484734,39.619009999999996,,,151.26858000000001,3.626364,39.603415999999996,0.0287587
J140941.70+372905.0,,212.42373999999998,37.484734,39.619009999999996,,,151.26858000000001,3.626364,39.603415999999996,0.0287587
J140941.70+372905.0,,212.42373999999998,37.484734,39.619009999999996,,,151.26858000000001,3.626364,39.603415999999996,0.0287587
J140941.70+372905.0,,212.42373999999998,37.484734,39.619009999999996,,,151.26858000000001,3.626364,39.603415999999996,0.0287587
J034547.98-000025.6,,56.449928,-0.007117,40.504585,,,29.052221999999997,14.906644,40.480274,0.0269914
J034547.98-000025.6,,56.449928,-0.007117,40.504585,,,29.052221999999997,14.906644,40.480274,0.0269914
J034547.98-000025.6,,56.449928,-0.007117,40.504585,,,29.052221999999997,14.906644,40.480274,0.0269914
J034547.98-000025.6,,56.449928,-0.007117,40.504585,,,29.052221999999997,14.906644,40.480274,0.0269914
J034547.98-000025.6,,56.449928,-0.007117,40.504585,,,29.052221999999997,14.906644,40.480274,0.0269914
J143452.46+483942.8,5.877333970256527e+17,218.71857000000003,48.661878,40.958376,,,204.57404,48.278074,40.895681,0.0278113
J143452.46+483942.8,5.877333970256527e+17,218.71857000000003,48.661878,40.958376,,,204.57404,48.278074,40.895681,0.0278113
J143452.46+483942.8,5.877333970256527e+17,218.71857000000003,48.661878,40.958376,,,204.57404,48.278074,40.895681,0.0278113
J143452.46+483942.8,5.877333970256527e+17,218.71857000000003,48.661878,40.958376,,,204.57404,48.278074,40.895681,0.0278113
J143452.46+483942.8,5.877333970256527e+17,218.71857000000003,48.661878,40.958376,,,204.57404,48.278074,40.895681,0.0278113
J150511.42-020831.0,,226.2976,-2.141952,39.363887,,,332.95112,-0.58340225,39.363954,0.0467727
J150511.42-020831.0,,226.2976,-2.141952,39.363887,,,332.95112,-0.58340225,39.363954,0.0467727
J150511.42-020831.0,,226.2976,-2.141952,39.363887,,,332.95112,-0.58340225,39.363954,0.0467727
J150511.42-020831.0,,226.2976,-2.141952,39.363887,,,332.95112,-0.58340225,39.363954,0.0467727
J150511.42-020831.0,,226.2976,-2.141952,39.363887,,,332.95112,-0.58340225,39.363954,0.0467727
J090436.95+553602.7,,136.15396,55.600761,40.784199,,,147.12503,55.63963100000001,40.845462,0.0452398
J090436.95+553602.7,,136.15396,55.600761,40.784199,,,147.12503,55.63963100000001,40.845462,0.0452398
J090436.95+553602.7,,136.15396,55.600761,40.784199,,,147.12503,55.63963100000001,40.845462,0.0452398
J090436.95+553602.7,,136.15396,55.600761,40.784199,,,147.12503,55.63963100000001,40.845462,0.0452398
J090436.95+553602.7,,136.15396,55.600761,40.784199,,,147.12503,55.63963100000001,40.845462,0.0452398
J163348.87+355318.5,5.877334421268728e+17,248.45362999999998,35.888477,40.343021,,,167.82808,10.338947000000001,40.334589,0.0471251
J163348.87+355318.5,5.877334421268728e+17,248.45362999999998,35.888477,40.343021,,,167.82808,10.338947000000001,40.334589,0.0471251
J163348.87+355318.5,5.877334421268728e+17,248.45362999999998,35.888477,40.343021,,,167.82808,10.338947000000001,40.334589,0.0471251
J163348.87+355318.5,5.877334421268728e+17,248.45362999999998,35.888477,40.343021,,,167.82808,10.338947000000001,40.334589,0.0471251
J163348.87+355318.5,5.877334421268728e+17,248.45362999999998,35.888477,40.343021,,,167.82808,10.338947000000001,40.334589,0.0471251
J111117.96+113315.8,,167.82484,11.554388000000001,39.856202,,,254.84441,20.829859,39.849084000000005,0.045116
J111117.96+113315.8,,167.82484,11.554388000000001,39.856202,,,254.84441,20.829859,39.849084000000005,0.045116
J111117.96+113315.8,,167.82484,11.554388000000001,39.856202,,,254.84441,20.829859,39.849084000000005,0.045116
J111117.96+113315.8,,167.82484,11.554388000000001,39.856202,,,254.84441,20.829859,39.849084000000005,0.045116
J111117.96+113315.8,,167.82484,11.554388000000001,39.856202,,,254.84441,20.829859,39.849084000000005,0.045116
J163453.67+231242.7,,248.72362,23.211848,40.748709999999996,,,315.60117,10.174689,40.774102,0.0473046
J163453.67+231242.7,,248.72362,23.211848,40.748709999999996,,,315.60117,10.174689,40.774102,0.0473046
J163453.67+231242.7,,248.72362,23.211848,40.748709999999996,,,315.60117,10.174689,40.774102,0.0473046
J163453.67+231242.7,,248.72362,23.211848,40.748709999999996,,,315.60117,10.174689,40.774102,0.0473046
J163453.67+231242.7,,248.72362,23.211848,40.748709999999996,,,315.60117,10.174689,40.774102,0.0473046
J145901.36+611353.6,5.87729227684184e+17,224.75565,61.231554,40.262427,,,47.753226,-8.424517800000002,40.290209000000004,0.0353143
J145901.36+611353.6,5.87729227684184e+17,224.75565,61.231554,40.262427,,,47.753226,-8.424517800000002,40.290209000000004,0.0353143
J145901.36+611353.6,5.87729227684184e+17,224.75565,61.231554,40.262427,,,47.753226,-8.424517800000002,40.290209000000004,0.0353143
J145901.36+611353.6,5.87729227684184e+17,224.75565,61.231554,40.262427,,,47.753226,-8.424517800000002,40.290209000000004,0.0353143
J145901.36+611353.6,5.87729227684184e+17,224.75565,61.231554,40.262427,,,47.753226,-8.424517800000002,40.290209000000004,0.0353143
J040929.15-042902.6,,62.371466000000005,-4.484066,40.573209999999996,,,17.487679,-0.70352909,40.590792,0.0455393
J040929.15-042902.6,,62.371466000000005,-4.484066,40.573209999999996,,,17.487679,-0.70352909,40.590792,0.0455393
J040929.15-042902.6,,62.371466000000005,-4.484066,40.573209999999996,,,17.487679,-0.70352909,40.590792,0.0455393
J040929.15-042902.6,,62.371466000000005,-4.484066,40.573209999999996,,,17.487679,-0.70352909,40.590792,0.0455393
J040929.15-042902.6,,62.371466000000005,-4.484066,40.573209999999996,,,17.487679,-0.70352909,40.590792,0.0455393
J004719.40+144212.6,,11.830816,14.703501000000001,40.741324,,,162.2205,48.054107,40.700563,0.040949
J004719.40+144212.6,,11.830816,14.703501000000001,40.741324,,,162.2205,48.054107,40.700563,0.040949
J004719.40+144212.6,,11.830816,14.703501000000001,40.741324,,,162.2205,48.054107,40.700563,0.040949
J004719.40+144212.6,,11.830816,14.703501000000001,40.741324,,,162.2205,48.054107,40.700563,0.040949
J004719.40+144212.6,,11.830816,14.703501000000001,40.741324,,,162.2205,48.054107,40.700563,0.040949
J092115.56+101741.1,,140.31485,10.294746,40.403763,,,150.39921999999999,3.6132774,40.398140000000005,0.0426907
J092115.56+101741.1,,140.31485,10.294746,40.403763,,,150.39921999999999,3.6132774,40.398140000000005,0.0426907
J092115.56+101741.1,,140.31485,10.294746,40.403763,,,150.39921999999999,3.6132774,40.398140000000005,0.0426907
J092115.56+101741.1,,140.31485,10.294746,40.403763,,,150.39921999999999,3.6132774,40.398140000000005,0.0426907
J092115.56+101741.1,,140.31485,10.294746,40.403763,,,150.39921999999999,3.6132774,40.398140000000005,0.0426907
J093551.59+612111.5,,143.96497,61.353203,40.005309000000004,,,204.05076,4.7400901,39.957104,0.0343574
J093551.59+612111.5,,143.96497,61.353203,40.005309000000004,,,204.05076,4.7400901,39.957104,0.0343574
J093551.59+612111.5,,143.96497,61.353203,40.005309000000004,,,204.05076,4.7400901,39.957104,0.0343574
J093551.59+612111.5,,143.96497,61.353203,40.005309000000004,,,204.05076,4.7400901,39.957104,0.0343574
J093551.59+612111.5,,143.96497,61.353203,40.005309000000004,,,204.05076,4.7400901,39.957104,0.0343574
J083949.65+484701.5,,129.95687,48.783747999999996,40.985786,,,151.51782,53.714851,40.889071,0.0442738
J083949.65+484701.5,,129.95687,48.783747999999996,40.985786,,,151.51782,53.714851,40.889071,0.0442738
J083949.65+484701.5,,129.95687,48.783747999999996,40.985786,,,151.51782,53.714851,40.889071,0.0442738
J083949.65+484701.5,,129.95687,48.783747999999996,40.985786,,,151.51782,53.714851,40.889071,0.0442738
J083949.65+484701.5,,129.95687,48.783747999999996,40.985786,,,151.51782,53.714851,40.889071,0.0442738
J113355.94+670107.1,,173.48307,67.018642,39.544105,,,19.228016,-10.367407,39.548635,0.0432372
J113355.94+670107.1,,173.48307,67.018642,39.544105,,,19.228016,-10.367407,39.548635,0.0432372
J113355.94+670107.1,,173.48307,67.018642,39.544105,,,19.228016,-10.367407,39.548635,0.0432372
J113355.94+670107.1,,173.48307,67.018642,39.544105,,,19.228016,-10.367407,39.548635,0.0432372
J113355.94+670107.1,,173.48307,67.018642,39.544105,,,19.228016,-10.367407,39.548635,0.0432372
J105833.33+461604.8,5.880171118269564e+17,164.63888,46.268011,40.768146,,5.880177023902024e+17,172.00206,11.158284,40.785038,0.0409766
J105833.33+461604.8,5.880171118269564e+17,164.63888,46.268011,40.768146,,5.880177023902024e+17,172.00206,11.158284,40.785038,0.0409766
J105833.33+461604.8,5.880171118269564e+17,164.63888,46.268011,40.768146,,5.880177023902024e+17,172.00206,11.158284,40.785038,0.0409766
J105833.33+461604.8,5.880171118269564e+17,164.63888,46.268011,40.768146,,5.880177023902024e+17,172.00206,11.158284,40.785038,0.0409766
J105833.33+461604.8,5.880171118269564e+17,164.63888,46.268011,40.768146,,5.880177023902024e+17,172.00206,11.158284,40.785038,0.0409766
J081252.47+383823.9,5.877289308006647e+17,123.21864,38.639965999999994,40.285777,,,241.02909,44.549745,40.302335,0.0429714
J081252.47+383823.9,5.877289308006647e+17,123.21864,38.639965999999994,40.285777,,,241.02909,44.549745,40.302335,0.0429714
J081252.47+383823.9,5.877289308006647e+17,123.21864,38.639965999999994,40.285777,,,241.02909,44.549745,40.302335,0.0429714
J081252.47+383823.9,5.877289308006647e+17,123.21864,38.639965999999994,40.285777,,,241.02909,44.549745,40.302335,0.0429714
J081252.47+383823.9,5.877289308006647e+17,123.21864,38.639965999999994,40.285777,,,241.02909,44.549745,40.302335,0.0429714
J082449.95+293644.2,,126.20811,29.612269,39.740387,,,125.72433999999998,5.9376445,39.679794,0.0306668
J082449.95+293644.2,,126.20811,29.612269,39.740387,,,125.72433999999998,5.9376445,39.679794,0.0306668
J082449.95+293644.2,,126.20811,29.612269,39.740387,,,125.72433999999998,5.9376445,39.679794,0.0306668
J082449.95+293644.2,,126.20811,29.612269,39.740387,,,125.72433999999998,5.9376445,39.679794,0.0306668
J082449.95+293644.2,,126.20811,29.612269,39.740387,,,125.72433999999998,5.9376445,39.679794,0.0306668
J134210.11+564210.3,,205.54213000000001,56.702854,40.603168,,,250.28182999999999,22.823567999999998,40.638826,0.0338842
J134210.11+564210.3,,205.54213000000001,56.702854,40.603168,,,250.28182999999999,22.823567999999998,40.638826,0.0338842
J134210.11+564210.3,,205.54213000000001,56.702854,40.603168,,,250.28182999999999,22.823567999999998,40.638826,0.0338842
J134210.11+564210.3,,205.54213000000001,56.702854,40.603168,,,250.28182999999999,22.823567999999998,40.638826,0.0338842
J134210.11+564210.3,,205.54213000000001,56.702854,40.603168,,,250.28182999999999,22.823567999999998,40.638826,0.0338842
J013402.53-094627.0,,23.510558,-9.774157,39.948355,,5.877260317052765e+17,165.39251000000002,1.5860919,39.966623,0.049877
J013402.53-094627.0,,23.510558,-9.774157,39.948355,,5.877260317052765e+17,165.39251000000002,1.5860919,39.966623,0.049877
J013402.53-094627.0,,23.510558,-9.774157,39.948355,,5.877260317052765e+17,165.39251000000002,1.5860919,39.966623,0.049877
J013402.53-094627.0,,23.510558,-9.774157,39.948355,,5.877260317052765e+17,165.39251000000002,1.5860919,39.966623,0.049877
J013402.53-094627.0,,23.510558,-9.774157,39.948355,,5.877260317052765e+17,165.39251000000002,1.5860919,39.966623,0.049877
J032235.86-010307.7,,50.649406,-1.05215,40.290063,,,123.73151999999999,50.662665000000004,40.291433000000005,0.0372915
J032235.86-010307.7,,50.649406,-1.05215,40.290063,,,123.73151999999999,50.662665000000004,40.291433000000005,0.0372915
J032235.86-010307.7,,50.649406,-1.05215,40.290063,,,123.73151999999999,50.662665000000004,40.291433000000005,0.0372915
J032235.86-010307.7,,50.649406,-1.05215,40.290063,,,123.73151999999999,50.662665000000004,40.291433000000005,0.0372915
J032235.86-010307.7,,50.649406,-1.05215,40.290063,,,123.73151999999999,50.662665000000004,40.291433000000005,0.0372915
J161156.32+521116.9,,242.98465,52.188021,40.552074,,,133.0911,37.852313,40.53699,0.0456799
J161156.32+521116.9,,242.98465,52.188021,40.552074,,,133.0911,37.852313,40.53699,0.0456799
J161156.32+521116.9,,242.98465,52.188021,40.552074,,,133.0911,37.852313,40.53699,0.0456799
J161156.32+521116.9,,242.98465,52.188021,40.552074,,,133.0911,37.852313,40.53699,0.0456799
J161156.32+521116.9,,242.98465,52.188021,40.552074,,,133.0911,37.852313,40.53699,0.0456799
J095437.23+063719.5,5.87732578841723e+17,148.65513,6.622091,40.123404,,,218.32699,34.734557,40.145210999999996,0.0343207
J095437.23+063719.5,5.87732578841723e+17,148.65513,6.622091,40.123404,,,218.32699,34.734557,40.145210999999996,0.0343207
J095437.23+063719.5,5.87732578841723e+17,148.65513,6.622091,40.123404,,,218.32699,34.734557,40.145210999999996,0.0343207
J095437.23+063719.5,5.87732578841723e+17,148.65513,6.622091,40.123404,,,218.32699,34.734557,40.145210999999996,0.0343207
J095437.23+063719.5,5.87732578841723e+17,148.65513,6.622091,40.123404,,,218.32699,34.734557,40.145210999999996,0.0343207
J213741.45+005317.0,5.877308485029728e+17,324.42269,0.888056,39.813621999999995,,,37.410812,0.38715267,39.802658,0.0467715
J213741.45+005317.0,5.877308485029728e+17,324.42269,0.888056,39.813621999999995,,,37.410812,0.38715267,39.802658,0.0467715
J213741.45+005317.0,5.877308485029728e+17,324.42269,0.888056,39.813621999999995,,,37.410812,0.38715267,39.802658,0.0467715
J213741.45+005317.0,5.877308485029728e+17,324.42269,0.888056,39.813621999999995,,,37.410812,0.38715267,39.802658,0.0467715
J213741.45+005317.0,5.877308485029728e+17,324.42269,0.888056,39.813621999999995,,,37.410812,0.38715267,39.802658,0.0467715
J160656.04+371917.8,,241.73349,37.321613,39.864385,,,177.2407,11.455116,39.866890999999995,0.0432322
J160656.04+371917.8,,241.73349,37.321613,39.864385,,,177.2407,11.455116,39.866890999999995,0.0432322
J160656.04+371917.8,,241.73349,37.321613,39.864385,,,177.2407,11.455116,39.866890999999995,0.0432322
J160656.04+371917.8,,241.73349,37.321613,39.864385,,,177.2407,11.455116,39.866890999999995,0.0432322
J160656.04+371917.8,,241.73349,37.321613,39.864385,,,177.2407,11.455116,39.866890999999995,0.0432322
J080801.75+381935.3,,122.00729,38.326482,40.445799,,,238.37197999999998,52.858915,40.454078,0.04707
J080801.75+381935.3,,122.00729,38.326482,40.445799,,,238.37197999999998,52.858915,40.454078,0.04707
J080801.75+381935.3,,122.00729,38.326482,40.445799,,,238.37197999999998,52.858915,40.454078,0.04707
J080801.75+381935.3,,122.00729,38.326482,40.445799,,,238.37197999999998,52.858915,40.454078,0.04707
J080801.75+381935.3,,122.00729,38.326482,40.445799,,,238.37197999999998,52.858915,40.454078,0.04707
J081516.87+460431.0,5.877254701297828e+17,123.8203,46.075269,40.976494,,,171.66945,-1.6937925,40.985892,0.0463985
J081516.87+460431.0,5.877254701297828e+17,123.8203,46.075269,40.976494,,,171.66945,-1.6937925,40.985892,0.0463985
J081516.87+460431.0,5.877254701297828e+17,123.8203,46.075269,40.976494,,,171.66945,-1.6937925,40.985892,0.0463985
J081516.87+460431.0,5.877254701297828e+17,123.8203,46.075269,40.976494,,,171.66945,-1.6937925,40.985892,0.0463985
J081516.87+460431.0,5.877254701297828e+17,123.8203,46.075269,40.976494,,,171.66945,-1.6937925,40.985892,0.0463985
J080629.81+241955.7,,121.6242,24.332134,39.451413,,,169.14389,58.775642000000005,39.448313,0.0493698
J080629.81+241955.7,,121.6242,24.332134,39.451413,,,169.14389,58.775642000000005,39.448313,0.0493698
J080629.81+241955.7,,121.6242,24.332134,39.451413,,,169.14389,58.775642000000005,39.448313,0.0493698
J080629.81+241955.7,,121.6242,24.332134,39.451413,,,169.14389,58.775642000000005,39.448313,0.0493698
J080629.81+241955.7,,121.6242,24.332134,39.451413,,,169.14389,58.775642000000005,39.448313,0.0493698
J151607.34+034804.7,,229.03058,3.801313,40.136412,,,250.36815,38.268997,40.14444,0.0387255
J151607.34+034804.7,,229.03058,3.801313,40.136412,,,250.36815,38.268997,40.14444,0.0387255
J151607.34+034804.7,,229.03058,3.801313,40.136412,,,250.36815,38.268997,40.14444,0.0387255
J151607.34+034804.7,,229.03058,3.801313,40.136412,,,250.36815,38.268997,40.14444,0.0387255
J151607.34+034804.7,,229.03058,3.801313,40.136412,,,250.36815,38.268997,40.14444,0.0387255
J095824.97+103402.5,,149.60406,10.567354,39.867658,,,15.663103,-0.87875298,39.868883000000004,0.050521
J095824.97+103402.5,,149.60406,10.567354,39.867658,,,15.663103,-0.87875298,39.868883000000004,0.050521
J095824.97+103402.5,,149.60406,10.567354,39.867658,,,15.663103,-0.87875298,39.868883000000004,0.050521
J095824.97+103402.5,,149.60406,10.567354,39.867658,,,15.663103,-0.87875298,39.868883000000004,0.050521
J095824.97+103402.5,,149.60406,10.567354,39.867658,,,15.663103,-0.87875298,39.868883000000004,0.050521
J004236.86-104921.9,,10.65359,-10.822742,41.182026,,,171.10893000000002,-0.42707792,41.024562,0.0486735
J004236.86-104921.9,,10.65359,-10.822742,41.182026,,,171.10893000000002,-0.42707792,41.024562,0.0486735
J004236.86-104921.9,,10.65359,-10.822742,41.182026,,,171.10893000000002,-0.42707792,41.024562,0.0486735
J004236.86-104921.9,,10.65359,-10.822742,41.182026,,,171.10893000000002,-0.42707792,41.024562,0.0486735
J004236.86-104921.9,,10.65359,-10.822742,41.182026,,,171.10893000000002,-0.42707792,41.024562,0.0486735
J111045.96+113641.6,5.880175660192237e+17,167.69151000000002,11.611546,40.456841,,,171.98972,-1.2111543,40.427256,0.0426867
J111045.96+113641.6,5.880175660192237e+17,167.69151000000002,11.611546,40.456841,,,171.98972,-1.2111543,40.427256,0.0426867
J111045.96+113641.6,5.880175660192237e+17,167.69151000000002,11.611546,40.456841,,,171.98972,-1.2111543,40.427256,0.0426867
J111045.96+113641.6,5.880175660192237e+17,167.69151000000002,11.611546,40.456841,,,171.98972,-1.2111543,40.427256,0.0426867
J111045.96+113641.6,5.880175660192237e+17,167.69151000000002,11.611546,40.456841,,,171.98972,-1.2111543,40.427256,0.0426867
J210721.91+110359.1,,316.8413,11.066417999999999,40.059641,,,138.2337,46.867079,40.067988,0.0512755
J210721.91+110359.1,,316.8413,11.066417999999999,40.059641,,,138.2337,46.867079,40.067988,0.0512755
J210721.91+110359.1,,316.8413,11.066417999999999,40.059641,,,138.2337,46.867079,40.067988,0.0512755
J210721.91+110359.1,,316.8413,11.066417999999999,40.059641,,,138.2337,46.867079,40.067988,0.0512755
J210721.91+110359.1,,316.8413,11.066417999999999,40.059641,,,138.2337,46.867079,40.067988,0.0512755
J155926.11+521235.3,,239.8588,52.209801,39.973383,,,135.37895,41.775971000000006,39.976154,0.0400262
J155926.11+521235.3,,239.8588,52.209801,39.973383,,,135.37895,41.775971000000006,39.976154,0.0400262
J155926.11+521235.3,,239.8588,52.209801,39.973383,,,135.37895,41.775971000000006,39.976154,0.0400262
J155926.11+521235.3,,239.8588,52.209801,39.973383,,,135.37895,41.775971000000006,39.976154,0.0400262
J155926.11+521235.3,,239.8588,52.209801,39.973383,,,135.37895,41.775971000000006,39.976154,0.0400262
J155625.91+090318.6,5.877368131360525e+17,239.10793999999999,9.055176,40.646101,,,129.31211000000002,4.695886799999999,40.636877,0.0470651
J155625.91+090318.6,5.877368131360525e+17,239.10793999999999,9.055176,40.646101,,,129.31211000000002,4.695886799999999,40.636877,0.0470651
J155625.91+090318.6,5.877368131360525e+17,239.10793999999999,9.055176,40.646101,,,129.31211000000002,4.695886799999999,40.636877,0.0470651
J155625.91+090318.6,5.877368131360525e+17,239.10793999999999,9.055176,40.646101,,,129.31211000000002,4.695886799999999,40.636877,0.0470651
J155625.91+090318.6,5.877368131360525e+17,239.10793999999999,9.055176,40.646101,,,129.31211000000002,4.695886799999999,40.636877,0.0470651
J020615.99-001729.2,,31.566634999999998,-0.291443,41.067467,,,222.33995,63.270541,41.066464,0.0415767
J020615.99-001729.2,,31.566634999999998,-0.291443,41.067467,,,222.33995,63.270541,41.066464,0.0415767
J020615.99-001729.2,,31.566634999999998,-0.291443,41.067467,,,222.33995,63.270541,41.066464,0.0415767
J020615.99-001729.2,,31.566634999999998,-0.291443,41.067467,,,222.33995,63.270541,41.066464,0.0415767
J020615.99-001729.2,,31.566634999999998,-0.291443,41.067467,,,222.33995,63.270541,41.066464,0.0415767
J144629.98+500130.6,,221.62491,50.025165,39.419188,,,237.86007999999998,53.166837,39.419771999999995,0.0480605
J144629.98+500130.6,,221.62491,50.025165,39.419188,,,237.86007999999998,53.166837,39.419771999999995,0.0480605
J144629.98+500130.6,,221.62491,50.025165,39.419188,,,237.86007999999998,53.166837,39.419771999999995,0.0480605
J144629.98+500130.6,,221.62491,50.025165,39.419188,,,237.86007999999998,53.166837,39.419771999999995,0.0480605
J144629.98+500130.6,,221.62491,50.025165,39.419188,,,237.86007999999998,53.166837,39.419771999999995,0.0480605
J111559.27+043955.2,,168.99695,4.665328,39.420843,,,143.29956,34.25516,39.421045,0.0502382
J111559.27+043955.2,,168.99695,4.665328,39.420843,,,143.29956,34.25516,39.421045,0.0502382
J111559.27+043955.2,,168.99695,4.665328,39.420843,,,143.29956,34.25516,39.421045,0.0502382
J111559.27+043955.2,,168.99695,4.665328,39.420843,,,143.29956,34.25516,39.421045,0.0502382
J111559.27+043955.2,,168.99695,4.665328,39.420843,,,143.29956,34.25516,39.421045,0.0502382
J142817.99+571018.5,,217.07495,57.171803000000004,41.422683,,,176.84006000000002,52.449591000000005,41.412658,0.0485723
J142817.99+571018.5,,217.07495,57.171803000000004,41.422683,,,176.84006000000002,52.449591000000005,41.412658,0.0485723
J142817.99+571018.5,,217.07495,57.171803000000004,41.422683,,,176.84006000000002,52.449591000000005,41.412658,0.0485723
J142817.99+571018.5,,217.07495,57.171803000000004,41.422683,,,176.84006000000002,52.449591000000005,41.412658,0.0485723
J142817.99+571018.5,,217.07495,57.171803000000004,41.422683,,,176.84006000000002,52.449591000000005,41.412658,0.0485723
J102841.98+490418.7,5.880133832732182e+17,157.17492,49.07186,40.653768,,,35.681581,-8.7189859,40.600332,0.0455059
J102841.98+490418.7,5.880133832732182e+17,157.17492,49.07186,40.653768,,,35.681581,-8.7189859,40.600332,0.0455059
J102841.98+490418.7,5.880133832732182e+17,157.17492,49.07186,40.653768,,,35.681581,-8.7189859,40.600332,0.0455059
J102841.98+490418.7,5.880133832732182e+17,157.17492,49.07186,40.653768,,,35.681581,-8.7189859,40.600332,0.0455059
J102841.98+490418.7,5.880133832732182e+17,157.17492,49.07186,40.653768,,,35.681581,-8.7189859,40.600332,0.0455059
J121423.17+434641.0,,183.59656,43.778064,39.587994,,,189.8242,51.64264,39.597428,0.0441083
J121423.17+434641.0,,183.59656,43.778064,39.587994,,,189.8242,51.64264,39.597428,0.0441083
J121423.17+434641.0,,183.59656,43.778064,39.587994,,,189.8242,51.64264,39.597428,0.0441083
J121423.17+434641.0,,183.59656,43.778064,39.587994,,,189.8242,51.64264,39.597428,0.0441083
J121423.17+434641.0,,183.59656,43.778064,39.587994,,,189.8242,51.64264,39.597428,0.0441083
J160051.41+462853.1,,240.21422,46.48142,39.221435,,,249.90932,46.965853,39.215821000000005,0.0491037
J160051.41+462853.1,,240.21422,46.48142,39.221435,,,249.90932,46.965853,39.215821000000005,0.0491037
J160051.41+462853.1,,240.21422,46.48142,39.221435,,,249.90932,46.965853,39.215821000000005,0.0491037
J160051.41+462853.1,,240.21422,46.48142,39.221435,,,249.90932,46.965853,39.215821000000005,0.0491037
J160051.41+462853.1,,240.21422,46.48142,39.221435,,,249.90932,46.965853,39.215821000000005,0.0491037
J160445.01+444316.9,,241.18752999999998,44.721353,40.272593,,,134.93388000000002,29.902323,40.260794,0.0486053
J160445.01+444316.9,,241.18752999999998,44.721353,40.272593,,,134.93388000000002,29.902323,40.260794,0.0486053
J160445.01+444316.9,,241.18752999999998,44.721353,40.272593,,,134.93388000000002,29.902323,40.260794,0.0486053
J160445.01+444316.9,,241.18752999999998,44.721353,40.272593,,,134.93388000000002,29.902323,40.260794,0.0486053
J160445.01+444316.9,,241.18752999999998,44.721353,40.272593,,,134.93388000000002,29.902323,40.260794,0.0486053
J160505.16+452634.8,,241.2715,45.443013,39.953398,,,186.86507,3.3021323,40.009485999999995,0.0488609
J160505.16+452634.8,,241.2715,45.443013,39.953398,,,186.86507,3.3021323,40.009485999999995,0.0488609
J160505.16+452634.8,,241.2715,45.443013,39.953398,,,186.86507,3.3021323,40.009485999999995,0.0488609
J160505.16+452634.8,,241.2715,45.443013,39.953398,,,186.86507,3.3021323,40.009485999999995,0.0488609
J160505.16+452634.8,,241.2715,45.443013,39.953398,,,186.86507,3.3021323,40.009485999999995,0.0488609
J110654.46+061213.0,,166.72692,6.203624,39.764739,,,149.22503999999998,5.361102099999999,39.742338000000004,0.0422704
J110654.46+061213.0,,166.72692,6.203624,39.764739,,,149.22503999999998,5.361102099999999,39.742338000000004,0.0422704
J110654.46+061213.0,,166.72692,6.203624,39.764739,,,149.22503999999998,5.361102099999999,39.742338000000004,0.0422704
J110654.46+061213.0,,166.72692,6.203624,39.764739,,,149.22503999999998,5.361102099999999,39.742338000000004,0.0422704
J110654.46+061213.0,,166.72692,6.203624,39.764739,,,149.22503999999998,5.361102099999999,39.742338000000004,0.0422704
J163159.59+243740.3,,247.9983,24.627851999999997,40.644945,,,221.63499,49.010544,40.514478999999994,0.0371413
J163159.59+243740.3,,247.9983,24.627851999999997,40.644945,,,221.63499,49.010544,40.514478999999994,0.0371413
J163159.59+243740.3,,247.9983,24.627851999999997,40.644945,,,221.63499,49.010544,40.514478999999994,0.0371413
J163159.59+243740.3,,247.9983,24.627851999999997,40.644945,,,221.63499,49.010544,40.514478999999994,0.0371413
J163159.59+243740.3,,247.9983,24.627851999999997,40.644945,,,221.63499,49.010544,40.514478999999994,0.0371413
J113249.27+101747.2,,173.2053,10.296445,40.748956,,,315.60117,10.174689,40.774102,0.0473046
J113249.27+101747.2,,173.2053,10.296445,40.748956,,,315.60117,10.174689,40.774102,0.0473046
J113249.27+101747.2,,173.2053,10.296445,40.748956,,,315.60117,10.174689,40.774102,0.0473046
J113249.27+101747.2,,173.2053,10.296445,40.748956,,,315.60117,10.174689,40.774102,0.0473046
J113249.27+101747.2,,173.2053,10.296445,40.748956,,,315.60117,10.174689,40.774102,0.0473046
J091102.33+550023.0,,137.75972,55.006381999999995,39.722725,,,136.13711,58.288823,39.703198,0.0455374
J091102.33+550023.0,,137.75972,55.006381999999995,39.722725,,,136.13711,58.288823,39.703198,0.0455374
J091102.33+550023.0,,137.75972,55.006381999999995,39.722725,,,136.13711,58.288823,39.703198,0.0455374
J091102.33+550023.0,,137.75972,55.006381999999995,39.722725,,,136.13711,58.288823,39.703198,0.0455374
J091102.33+550023.0,,137.75972,55.006381999999995,39.722725,,,136.13711,58.288823,39.703198,0.0455374
J144052.61-023506.3,,220.21919,-2.585081,40.212786,,,3.8739158,0.63977825,40.207612,0.0403745
J144052.61-023506.3,,220.21919,-2.585081,40.212786,,,3.8739158,0.63977825,40.207612,0.0403745
J144052.61-023506.3,,220.21919,-2.585081,40.212786,,,3.8739158,0.63977825,40.207612,0.0403745
J144052.61-023506.3,,220.21919,-2.585081,40.212786,,,3.8739158,0.63977825,40.207612,0.0403745
J144052.61-023506.3,,220.21919,-2.585081,40.212786,,,3.8739158,0.63977825,40.207612,0.0403745
J084137.88+545506.6,,130.40782,54.918507,40.538247999999996,,,169.93315,7.5913954,40.528859999999995,0.0392893
J084137.88+545506.6,,130.40782,54.918507,40.538247999999996,,,169.93315,7.5913954,40.528859999999995,0.0392893
J084137.88+545506.6,,130.40782,54.918507,40.538247999999996,,,169.93315,7.5913954,40.528859999999995,0.0392893
J084137.88+545506.6,,130.40782,54.918507,40.538247999999996,,,169.93315,7.5913954,40.528859999999995,0.0392893
J084137.88+545506.6,,130.40782,54.918507,40.538247999999996,,,169.93315,7.5913954,40.528859999999995,0.0392893
J102531.28+514034.9,,156.38035,51.676353999999996,40.773559000000006,,,329.20194,0.68630472,40.773111,0.0539303
J102531.28+514034.9,,156.38035,51.676353999999996,40.773559000000006,,,329.20194,0.68630472,40.773111,0.0539303
J102531.28+514034.9,,156.38035,51.676353999999996,40.773559000000006,,,329.20194,0.68630472,40.773111,0.0539303
J102531.28+514034.9,,156.38035,51.676353999999996,40.773559000000006,,,329.20194,0.68630472,40.773111,0.0539303
J102531.28+514034.9,,156.38035,51.676353999999996,40.773559000000006,,,329.20194,0.68630472,40.773111,0.0539303
J082620.82+055727.8,,126.58673999999999,5.957732,40.104777,,,181.8446,62.952964,40.107724,0.0510876
J082620.82+055727.8,,126.58673999999999,5.957732,40.104777,,,181.8446,62.952964,40.107724,0.0510876
J082620.82+055727.8,,126.58673999999999,5.957732,40.104777,,,181.8446,62.952964,40.107724,0.0510876
J082620.82+055727.8,,126.58673999999999,5.957732,40.104777,,,181.8446,62.952964,40.107724,0.0510876
J082620.82+055727.8,,126.58673999999999,5.957732,40.104777,,,181.8446,62.952964,40.107724,0.0510876
J160154.01+315331.4,5.880180905440051e+17,240.47506,31.892042,40.565236,,,214.10282999999998,4.6338412,40.617002,0.0548601
J160154.01+315331.4,5.880180905440051e+17,240.47506,31.892042,40.565236,,,214.10282999999998,4.6338412,40.617002,0.0548601
J160154.01+315331.4,5.880180905440051e+17,240.47506,31.892042,40.565236,,,214.10282999999998,4.6338412,40.617002,0.0548601
J160154.01+315331.4,5.880180905440051e+17,240.47506,31.892042,40.565236,,,214.10282999999998,4.6338412,40.617002,0.0548601
J160154.01+315331.4,5.880180905440051e+17,240.47506,31.892042,40.565236,,,214.10282999999998,4.6338412,40.617002,0.0548601
J161051.81+485439.2,,242.71587999999997,48.910902,41.417069,,5.877229844389563e+17,213.24683,0.92118417,41.163998,0.052918
J161051.81+485439.2,,242.71587999999997,48.910902,41.417069,,5.877229844389563e+17,213.24683,0.92118417,41.163998,0.052918
J161051.81+485439.2,,242.71587999999997,48.910902,41.417069,,5.877229844389563e+17,213.24683,0.92118417,41.163998,0.052918
J161051.81+485439.2,,242.71587999999997,48.910902,41.417069,,5.877229844389563e+17,213.24683,0.92118417,41.163998,0.052918
J161051.81+485439.2,,242.71587999999997,48.910902,41.417069,,5.877229844389563e+17,213.24683,0.92118417,41.163998,0.052918
J091256.44+380538.1,,138.23518,38.093914,40.692784,,5.87731186733351e+17,343.00208,0.363726,40.703721,0.053857
J091256.44+380538.1,,138.23518,38.093914,40.692784,,5.87731186733351e+17,343.00208,0.363726,40.703721,0.053857
J091256.44+380538.1,,138.23518,38.093914,40.692784,,5.87731186733351e+17,343.00208,0.363726,40.703721,0.053857
J091256.44+380538.1,,138.23518,38.093914,40.692784,,5.87731186733351e+17,343.00208,0.363726,40.703721,0.053857
J091256.44+380538.1,,138.23518,38.093914,40.692784,,5.87731186733351e+17,343.00208,0.363726,40.703721,0.053857
J000805.62+145023.4,,2.023437,14.839835999999998,40.494208,,,231.74766,35.976960999999996,40.468312,0.0552359
J000805.62+145023.4,,2.023437,14.839835999999998,40.494208,,,231.74766,35.976960999999996,40.468312,0.0552359
J000805.62+145023.4,,2.023437,14.839835999999998,40.494208,,,231.74766,35.976960999999996,40.468312,0.0552359
J000805.62+145023.4,,2.023437,14.839835999999998,40.494208,,,231.74766,35.976960999999996,40.468312,0.0552359
J000805.62+145023.4,,2.023437,14.839835999999998,40.494208,,,231.74766,35.976960999999996,40.468312,0.0552359
J204745.25-052515.7,,311.93856,-5.421022,40.108701,,,181.8446,62.952964,40.107724,0.0510876
J204745.25-052515.7,,311.93856,-5.421022,40.108701,,,181.8446,62.952964,40.107724,0.0510876
J204745.25-052515.7,,311.93856,-5.421022,40.108701,,,181.8446,62.952964,40.107724,0.0510876
J204745.25-052515.7,,311.93856,-5.421022,40.108701,,,181.8446,62.952964,40.107724,0.0510876
J204745.25-052515.7,,311.93856,-5.421022,40.108701,,,181.8446,62.952964,40.107724,0.0510876
J232721.96+152437.3,,351.84151,15.410362,41.140056,,,18.403091,-10.579374000000001,40.864496,0.0521848
J232721.96+152437.3,,351.84151,15.410362,41.140056,,,18.403091,-10.579374000000001,40.864496,0.0521848
J232721.96+152437.3,,351.84151,15.410362,41.140056,,,18.403091,-10.579374000000001,40.864496,0.0521848
J232721.96+152437.3,,351.84151,15.410362,41.140056,,,18.403091,-10.579374000000001,40.864496,0.0521848
J232721.96+152437.3,,351.84151,15.410362,41.140056,,,18.403091,-10.579374000000001,40.864496,0.0521848
J150745.00+512710.3,,226.9375,51.452851,41.220859999999995,,,133.19564,42.834909,41.416396999999996,0.0542381
J150745.00+512710.3,,226.9375,51.452851,41.220859999999995,,,133.19564,42.834909,41.416396999999996,0.0542381
J150745.00+512710.3,,226.9375,51.452851,41.220859999999995,,,133.19564,42.834909,41.416396999999996,0.0542381
J150745.00+512710.3,,226.9375,51.452851,41.220859999999995,,,133.19564,42.834909,41.416396999999996,0.0542381
J150745.00+512710.3,,226.9375,51.452851,41.220859999999995,,,133.19564,42.834909,41.416396999999996,0.0542381
J091101.33+571246.9,,137.75554,57.213017,40.402095,,,51.423724,-0.18811858,40.393478,0.053703
J091101.33+571246.9,,137.75554,57.213017,40.402095,,,51.423724,-0.18811858,40.393478,0.053703
J091101.33+571246.9,,137.75554,57.213017,40.402095,,,51.423724,-0.18811858,40.393478,0.053703
J091101.33+571246.9,,137.75554,57.213017,40.402095,,,51.423724,-0.18811858,40.393478,0.053703
J091101.33+571246.9,,137.75554,57.213017,40.402095,,,51.423724,-0.18811858,40.393478,0.053703
J083202.16+461425.7,5.877286693452513e+17,128.009,46.240482,40.353758,,,167.82808,10.338947000000001,40.334589,0.0471251
J083202.16+461425.7,5.877286693452513e+17,128.009,46.240482,40.353758,,,167.82808,10.338947000000001,40.334589,0.0471251
J083202.16+461425.7,5.877286693452513e+17,128.009,46.240482,40.353758,,,167.82808,10.338947000000001,40.334589,0.0471251
J083202.16+461425.7,5.877286693452513e+17,128.009,46.240482,40.353758,,,167.82808,10.338947000000001,40.334589,0.0471251
J083202.16+461425.7,5.877286693452513e+17,128.009,46.240482,40.353758,,,167.82808,10.338947000000001,40.334589,0.0471251
J163007.40-001136.4,,247.53082999999998,-0.193449,40.768691,,,148.64513,50.24259,40.702645000000004,0.0524957
J163007.40-001136.4,,247.53082999999998,-0.193449,40.768691,,,148.64513,50.24259,40.702645000000004,0.0524957
J163007.40-001136.4,,247.53082999999998,-0.193449,40.768691,,,148.64513,50.24259,40.702645000000004,0.0524957
J163007.40-001136.4,,247.53082999999998,-0.193449,40.768691,,,148.64513,50.24259,40.702645000000004,0.0524957
J163007.40-001136.4,,247.53082999999998,-0.193449,40.768691,,,148.64513,50.24259,40.702645000000004,0.0524957
J230443.48-084108.6,,346.18116000000003,-8.685727,42.052224,,,222.33995,63.270541,41.066464,0.0415767
J230443.48-084108.6,,346.18116000000003,-8.685727,42.052224,,,222.33995,63.270541,41.066464,0.0415767
J230443.48-084108.6,,346.18116000000003,-8.685727,42.052224,,,222.33995,63.270541,41.066464,0.0415767
J230443.48-084108.6,,346.18116000000003,-8.685727,42.052224,,,222.33995,63.270541,41.066464,0.0415767
J230443.48-084108.6,,346.18116000000003,-8.685727,42.052224,,,222.33995,63.270541,41.066464,0.0415767
J094838.42+403043.7,,147.16009,40.512147,40.713966,,,22.166153,14.764953,40.720102000000004,0.0450311
J094838.42+403043.7,,147.16009,40.512147,40.713966,,,22.166153,14.764953,40.720102000000004,0.0450311
J094838.42+403043.7,,147.16009,40.512147,40.713966,,,22.166153,14.764953,40.720102000000004,0.0450311
J094838.42+403043.7,,147.16009,40.512147,40.713966,,,22.166153,14.764953,40.720102000000004,0.0450311
J094838.42+403043.7,,147.16009,40.512147,40.713966,,,22.166153,14.764953,40.720102000000004,0.0450311
J125718.83-011920.8,,194.32846999999998,-1.32245,39.545018,,,225.82191,1.3866809,39.544732,0.0520549
J125718.83-011920.8,,194.32846999999998,-1.32245,39.545018,,,225.82191,1.3866809,39.544732,0.0520549
J125718.83-011920.8,,194.32846999999998,-1.32245,39.545018,,,225.82191,1.3866809,39.544732,0.0520549
J125718.83-011920.8,,194.32846999999998,-1.32245,39.545018,,,225.82191,1.3866809,39.544732,0.0520549
J125718.83-011920.8,,194.32846999999998,-1.32245,39.545018,,,225.82191,1.3866809,39.544732,0.0520549
J125042.44-024931.4,,192.67685,-2.825401,40.646011,,,214.10282999999998,4.6338412,40.617002,0.0548601
J125042.44-024931.4,,192.67685,-2.825401,40.646011,,,214.10282999999998,4.6338412,40.617002,0.0548601
J125042.44-024931.4,,192.67685,-2.825401,40.646011,,,214.10282999999998,4.6338412,40.617002,0.0548601
J125042.44-024931.4,,192.67685,-2.825401,40.646011,,,214.10282999999998,4.6338412,40.617002,0.0548601
J125042.44-024931.4,,192.67685,-2.825401,40.646011,,,214.10282999999998,4.6338412,40.617002,0.0548601
J094328.74+524811.6,,145.86975,52.803211,40.417632,,,163.53433,0.36103057,40.409997,0.0477381
J094328.74+524811.6,,145.86975,52.803211,40.417632,,,163.53433,0.36103057,40.409997,0.0477381
J094328.74+524811.6,,145.86975,52.803211,40.417632,,,163.53433,0.36103057,40.409997,0.0477381
J094328.74+524811.6,,145.86975,52.803211,40.417632,,,163.53433,0.36103057,40.409997,0.0477381
J094328.74+524811.6,,145.86975,52.803211,40.417632,,,163.53433,0.36103057,40.409997,0.0477381
J163629.67+410222.4,,249.12363,41.039552,39.451434000000006,,,231.25355,2.9136136,39.450445,0.052728
J163629.67+410222.4,,249.12363,41.039552,39.451434000000006,,,231.25355,2.9136136,39.450445,0.052728
J163629.67+410222.4,,249.12363,41.039552,39.451434000000006,,,231.25355,2.9136136,39.450445,0.052728
J163629.67+410222.4,,249.12363,41.039552,39.451434000000006,,,231.25355,2.9136136,39.450445,0.052728
J163629.67+410222.4,,249.12363,41.039552,39.451434000000006,,,231.25355,2.9136136,39.450445,0.052728
J114433.07+613200.7,5.88009370689405e+17,176.1378,61.533522999999995,41.018052000000004,,,171.66945,-1.6937925,40.985892,0.0463985
J114433.07+613200.7,5.88009370689405e+17,176.1378,61.533522999999995,41.018052000000004,,,171.66945,-1.6937925,40.985892,0.0463985
J114433.07+613200.7,5.88009370689405e+17,176.1378,61.533522999999995,41.018052000000004,,,171.66945,-1.6937925,40.985892,0.0463985
J114433.07+613200.7,5.88009370689405e+17,176.1378,61.533522999999995,41.018052000000004,,,171.66945,-1.6937925,40.985892,0.0463985
J114433.07+613200.7,5.88009370689405e+17,176.1378,61.533522999999995,41.018052000000004,,,171.66945,-1.6937925,40.985892,0.0463985
J093449.82+081851.8,,143.70758999999998,8.314394,39.999558,,,12.746851,-0.52478191,39.996951,0.0560591
J093449.82+081851.8,,143.70758999999998,8.314394,39.999558,,,12.746851,-0.52478191,39.996951,0.0560591
J093449.82+081851.8,,143.70758999999998,8.314394,39.999558,,,12.746851,-0.52478191,39.996951,0.0560591
J093449.82+081851.8,,143.70758999999998,8.314394,39.999558,,,12.746851,-0.52478191,39.996951,0.0560591
J093449.82+081851.8,,143.70758999999998,8.314394,39.999558,,,12.746851,-0.52478191,39.996951,0.0560591
J002746.39-101546.7,,6.943303,-10.262982000000001,40.111662,,,135.02106,0.07964787200000001,40.073215999999995,0.0538641
J002746.39-101546.7,,6.943303,-10.262982000000001,40.111662,,,135.02106,0.07964787200000001,40.073215999999995,0.0538641
J002746.39-101546.7,,6.943303,-10.262982000000001,40.111662,,,135.02106,0.07964787200000001,40.073215999999995,0.0538641
J002746.39-101546.7,,6.943303,-10.262982000000001,40.111662,,,135.02106,0.07964787200000001,40.073215999999995,0.0538641
J002746.39-101546.7,,6.943303,-10.262982000000001,40.111662,,,135.02106,0.07964787200000001,40.073215999999995,0.0538641
J124635.25+022208.8,,191.64687,2.369098,41.087145,,,7.2627679,-11.063428,41.035663,0.0551006
J124635.25+022208.8,,191.64687,2.369098,41.087145,,,7.2627679,-11.063428,41.035663,0.0551006
J124635.25+022208.8,,191.64687,2.369098,41.087145,,,7.2627679,-11.063428,41.035663,0.0551006
J124635.25+022208.8,,191.64687,2.369098,41.087145,,,7.2627679,-11.063428,41.035663,0.0551006
J124635.25+022208.8,,191.64687,2.369098,41.087145,,,7.2627679,-11.063428,41.035663,0.0551006
J155417.43+323837.8,,238.57262999999998,32.643840000000004,41.24966,,5.880101357265225e+17,129.76232,47.132315999999996,41.106703,0.0523625
J155417.43+323837.8,,238.57262999999998,32.643840000000004,41.24966,,5.880101357265225e+17,129.76232,47.132315999999996,41.106703,0.0523625
J155417.43+323837.8,,238.57262999999998,32.643840000000004,41.24966,,5.880101357265225e+17,129.76232,47.132315999999996,41.106703,0.0523625
J155417.43+323837.8,,238.57262999999998,32.643840000000004,41.24966,,5.880101357265225e+17,129.76232,47.132315999999996,41.106703,0.0523625
J155417.43+323837.8,,238.57262999999998,32.643840000000004,41.24966,,5.880101357265225e+17,129.76232,47.132315999999996,41.106703,0.0523625
J073106.87+392644.7,5.877378090274653e+17,112.77861000000001,39.445747,40.442502000000005,,,157.43597,40.493845,40.472801000000004,0.0439301
J073106.87+392644.7,5.877378090274653e+17,112.77861000000001,39.445747,40.442502000000005,,,157.43597,40.493845,40.472801000000004,0.0439301
J073106.87+392644.7,5.877378090274653e+17,112.77861000000001,39.445747,40.442502000000005,,,157.43597,40.493845,40.472801000000004,0.0439301
J073106.87+392644.7,5.877378090274653e+17,112.77861000000001,39.445747,40.442502000000005,,,157.43597,40.493845,40.472801000000004,0.0439301
J073106.87+392644.7,5.877378090274653e+17,112.77861000000001,39.445747,40.442502000000005,,,157.43597,40.493845,40.472801000000004,0.0439301
J112942.76+555912.6,5.877318895025522e+17,172.42815,55.986844999999995,40.407016999999996,,,186.60488999999998,55.828371,40.406935,0.0518345
J112942.76+555912.6,5.877318895025522e+17,172.42815,55.986844999999995,40.407016999999996,,,186.60488999999998,55.828371,40.406935,0.0518345
J112942.76+555912.6,5.877318895025522e+17,172.42815,55.986844999999995,40.407016999999996,,,186.60488999999998,55.828371,40.406935,0.0518345
J112942.76+555912.6,5.877318895025522e+17,172.42815,55.986844999999995,40.407016999999996,,,186.60488999999998,55.828371,40.406935,0.0518345
J112942.76+555912.6,5.877318895025522e+17,172.42815,55.986844999999995,40.407016999999996,,,186.60488999999998,55.828371,40.406935,0.0518345
J082842.73+454433.3,,127.17806000000002,45.742576,40.48263,,,220.78418,61.32068,40.494898,0.0492164
J082842.73+454433.3,,127.17806000000002,45.742576,40.48263,,,220.78418,61.32068,40.494898,0.0492164
J082842.73+454433.3,,127.17806000000002,45.742576,40.48263,,,220.78418,61.32068,40.494898,0.0492164
J082842.73+454433.3,,127.17806000000002,45.742576,40.48263,,,220.78418,61.32068,40.494898,0.0492164
J082842.73+454433.3,,127.17806000000002,45.742576,40.48263,,,220.78418,61.32068,40.494898,0.0492164
J165601.61+211241.2,,254.00669,21.211431,41.09428,,,234.02926000000002,-2.1117844,41.014838,0.0581414
J165601.61+211241.2,,254.00669,21.211431,41.09428,,,234.02926000000002,-2.1117844,41.014838,0.0581414
J165601.61+211241.2,,254.00669,21.211431,41.09428,,,234.02926000000002,-2.1117844,41.014838,0.0581414
J165601.61+211241.2,,254.00669,21.211431,41.09428,,,234.02926000000002,-2.1117844,41.014838,0.0581414
J165601.61+211241.2,,254.00669,21.211431,41.09428,,,234.02926000000002,-2.1117844,41.014838,0.0581414
J095306.81+365028.1,,148.27838,36.841132,39.324865,,,249.27171,-0.37337034,39.324704,0.0448352
J095306.81+365028.1,,148.27838,36.841132,39.324865,,,249.27171,-0.37337034,39.324704,0.0448352
J095306.81+365028.1,,148.27838,36.841132,39.324865,,,249.27171,-0.37337034,39.324704,0.0448352
J095306.81+365028.1,,148.27838,36.841132,39.324865,,,249.27171,-0.37337034,39.324704,0.0448352
J095306.81+365028.1,,148.27838,36.841132,39.324865,,,249.27171,-0.37337034,39.324704,0.0448352
J101439.56-004951.3,,153.66484,-0.83091,40.575177000000004,,,333.01462000000004,-7.578941900000001,40.337009,0.053652
J110456.03+433409.2,,166.23345,43.569226,40.607625,,,243.47612,-0.61505873,40.62019,0.0573836
J110456.03+433409.2,,166.23345,43.569226,40.607625,,,243.47612,-0.61505873,40.62019,0.0573836
J110456.03+433409.2,,166.23345,43.569226,40.607625,,,243.47612,-0.61505873,40.62019,0.0573836
J110456.03+433409.2,,166.23345,43.569226,40.607625,,,243.47612,-0.61505873,40.62019,0.0573836
J110456.03+433409.2,,166.23345,43.569226,40.607625,,,243.47612,-0.61505873,40.62019,0.0573836
J092313.32+565622.3,,140.8055,56.939528,39.579412,,,237.19601,9.5240641,39.58048,0.0402776
J092313.32+565622.3,,140.8055,56.939528,39.579412,,,237.19601,9.5240641,39.58048,0.0402776
J092313.32+565622.3,,140.8055,56.939528,39.579412,,,237.19601,9.5240641,39.58048,0.0402776
J092313.32+565622.3,,140.8055,56.939528,39.579412,,,237.19601,9.5240641,39.58048,0.0402776
J092313.32+565622.3,,140.8055,56.939528,39.579412,,,237.19601,9.5240641,39.58048,0.0402776
J164520.63+424528.0,,251.33594,42.757771000000005,39.719685,,5.877250411619944e+17,171.60782,-1.8779887,39.71577,0.0394284
J164520.63+424528.0,,251.33594,42.757771000000005,39.719685,,5.877250411619944e+17,171.60782,-1.8779887,39.71577,0.0394284
J164520.63+424528.0,,251.33594,42.757771000000005,39.719685,,5.877250411619944e+17,171.60782,-1.8779887,39.71577,0.0394284
J164520.63+424528.0,,251.33594,42.757771000000005,39.719685,,5.877250411619944e+17,171.60782,-1.8779887,39.71577,0.0394284
J164520.63+424528.0,,251.33594,42.757771000000005,39.719685,,5.877250411619944e+17,171.60782,-1.8779887,39.71577,0.0394284
J121958.74+560855.0,,184.99473999999998,56.148616000000004,39.711141,,5.877367530062482e+17,243.88352999999998,31.826025,39.705998,0.0574711
J121958.74+560855.0,,184.99473999999998,56.148616000000004,39.711141,,5.877367530062482e+17,243.88352999999998,31.826025,39.705998,0.0574711
J121958.74+560855.0,,184.99473999999998,56.148616000000004,39.711141,,5.877367530062482e+17,243.88352999999998,31.826025,39.705998,0.0574711
J121958.74+560855.0,,184.99473999999998,56.148616000000004,39.711141,,5.877367530062482e+17,243.88352999999998,31.826025,39.705998,0.0574711
J121958.74+560855.0,,184.99473999999998,56.148616000000004,39.711141,,5.877367530062482e+17,243.88352999999998,31.826025,39.705998,0.0574711
J093327.87+093200.1,,143.36614,9.533356,40.025023,,,243.1794,0.37998231,40.031215,0.0445094
J093327.87+093200.1,,143.36614,9.533356,40.025023,,,243.1794,0.37998231,40.031215,0.0445094
J093327.87+093200.1,,143.36614,9.533356,40.025023,,,243.1794,0.37998231,40.031215,0.0445094
J093327.87+093200.1,,143.36614,9.533356,40.025023,,,243.1794,0.37998231,40.031215,0.0445094
J093327.87+093200.1,,143.36614,9.533356,40.025023,,,243.1794,0.37998231,40.031215,0.0445094
J083220.04+302719.4,,128.08348,30.455399,40.496777,,,238.37197999999998,52.858915,40.454078,0.04707
J083220.04+302719.4,,128.08348,30.455399,40.496777,,,238.37197999999998,52.858915,40.454078,0.04707
J083220.04+302719.4,,128.08348,30.455399,40.496777,,,238.37197999999998,52.858915,40.454078,0.04707
J083220.04+302719.4,,128.08348,30.455399,40.496777,,,238.37197999999998,52.858915,40.454078,0.04707
J083220.04+302719.4,,128.08348,30.455399,40.496777,,,238.37197999999998,52.858915,40.454078,0.04707
J033957.87-061215.1,,54.991130000000005,-6.204198,39.507319,,,322.37073,-0.21961836,39.510371,0.0498722
J033957.87-061215.1,,54.991130000000005,-6.204198,39.507319,,,322.37073,-0.21961836,39.510371,0.0498722
J033957.87-061215.1,,54.991130000000005,-6.204198,39.507319,,,322.37073,-0.21961836,39.510371,0.0498722
J033957.87-061215.1,,54.991130000000005,-6.204198,39.507319,,,322.37073,-0.21961836,39.510371,0.0498722
J033957.87-061215.1,,54.991130000000005,-6.204198,39.507319,,,322.37073,-0.21961836,39.510371,0.0498722
J094839.74+363649.2,,147.1656,36.613667,40.128474,,,127.42678000000001,6.3882703,40.125122,0.051567
J094839.74+363649.2,,147.1656,36.613667,40.128474,,,127.42678000000001,6.3882703,40.125122,0.051567
J094839.74+363649.2,,147.1656,36.613667,40.128474,,,127.42678000000001,6.3882703,40.125122,0.051567
J094839.74+363649.2,,147.1656,36.613667,40.128474,,,127.42678000000001,6.3882703,40.125122,0.051567
J094839.74+363649.2,,147.1656,36.613667,40.128474,,,127.42678000000001,6.3882703,40.125122,0.051567
J091520.48+411918.8,,138.83532,41.321884000000004,39.568619,,,168.75513,62.245718999999994,39.577782,0.0573329
J091520.48+411918.8,,138.83532,41.321884000000004,39.568619,,,168.75513,62.245718999999994,39.577782,0.0573329
J091520.48+411918.8,,138.83532,41.321884000000004,39.568619,,,168.75513,62.245718999999994,39.577782,0.0573329
J091520.48+411918.8,,138.83532,41.321884000000004,39.568619,,,168.75513,62.245718999999994,39.577782,0.0573329
J091520.48+411918.8,,138.83532,41.321884000000004,39.568619,,,168.75513,62.245718999999994,39.577782,0.0573329
